Cancer Type	Type	Mean Ratio (Male / Female)	Q-value
LIHC	T>C	1.56	2.03E-03
GBM	C>T	0.29	7.76E-03
SKCM	C>T	1.99	9.80E-03
LGG	C>A	0.15	5.71E-02
SKCM	T>G	1.88	5.71E-02
LIHC	T>G	1.50	7.10E-02
GBM	C>A	0.21	1.33E-01
LIHC	C>A	1.33	1.33E-01
BLCA	C>G	1.27	1.33E-01
SKCM	C>G	1.29	1.33E-01
HNSC	C>T	0.86	1.33E-01
PAAD	C>T	0.18	1.33E-01
COAD	T>A	0.63	1.33E-01
LIHC	T>A	1.39	1.33E-01
PAAD	T>A	0.57	1.33E-01
SKCM	T>A	1.61	1.33E-01
SKCM	T>C	1.66	1.33E-01
PAAD	T>G	0.12	1.33E-01
LUAD	T>G	1.14	1.36E-01
LGG	T>A	0.51	1.48E-01
PAAD	C>A	0.10	1.59E-01
SKCM	C>A	0.97	1.59E-01
GBM	T>C	0.38	1.59E-01
ESCA	T>C	0.91	1.62E-01
STAD	C>T	0.80	1.81E-01
KIPAN	T>C	1.03	1.81E-01
CHOL	T>G	10.14	1.81E-01
LGG	T>G	0.36	1.81E-01
COAD	C>A	0.69	1.87E-01
BLCA	C>T	1.17	1.87E-01
LAML	T>A	1.54	1.87E-01
LGG	C>T	0.30	1.90E-01
KIPAN	C>A	1.15	1.95E-01
LUAD	C>T	1.19	1.95E-01
SARC	C>T	3.71	1.96E-01
ESCA	T>A	1.04	1.96E-01
PCPG	T>C	0.83	1.96E-01
LIHC	C>G	1.24	2.01E-01
KIPAN	T>A	1.11	2.01E-01
PCPG	C>T	0.87	2.27E-01
LUAD	T>C	1.22	2.36E-01
HNSC	T>C	1.39	2.37E-01
COAD	C>G	0.80	2.61E-01
HNSC	C>G	0.83	2.71E-01
LUAD	C>G	1.22	2.97E-01
LAML	C>G	1.19	3.08E-01
STAD	T>C	0.76	3.10E-01
CHOL	C>T	1.57	3.11E-01
DLBC	C>T	1.44	3.17E-01
BLCA	C>A	1.17	3.17E-01
CHOL	T>C	3.30	3.22E-01
BLCA	T>C	1.08	3.28E-01
GBM	T>A	0.81	3.72E-01
UVM	C>G	1.33	3.73E-01
GBM	C>G	0.95	3.73E-01
MESO	T>A	0.76	3.73E-01
STAD	C>A	1.01	3.78E-01
LUAD	T>A	1.14	3.85E-01
LUSC	C>G	0.89	3.87E-01
THCA	T>A	1.15	3.87E-01
KIPAN	T>G	1.08	3.87E-01
COAD	C>T	0.73	4.33E-01
COAD	T>G	0.75	4.33E-01
PAAD	T>C	0.16	4.47E-01
UVM	T>G	0.93	4.55E-01
THYM	C>T	0.54	4.59E-01
BLCA	T>A	1.02	4.98E-01
PCPG	T>A	0.84	4.98E-01
DLBC	T>C	1.37	4.98E-01
THCA	T>C	1.09	4.98E-01
KIPAN	C>G	1.04	5.11E-01
COAD	T>C	0.63	5.11E-01
LGG	T>C	0.47	5.11E-01
LGG	C>G	0.86	5.17E-01
HNSC	T>A	1.08	5.17E-01
ESCA	T>G	1.15	5.61E-01
UVM	T>C	0.92	5.69E-01
THCA	C>T	1.03	5.79E-01
SARC	T>G	1.47	6.01E-01
CHOL	T>A	3.01	6.30E-01
STAD	T>A	0.94	6.46E-01
LAML	C>T	1.51	6.53E-01
READ	T>A	1.32	6.53E-01
HNSC	T>G	1.08	7.31E-01
MESO	C>T	0.45	7.43E-01
THCA	C>A	0.87	7.68E-01
PAAD	C>G	0.98	7.83E-01
SARC	T>C	1.46	7.83E-01
THYM	T>C	0.68	7.83E-01
PCPG	C>A	1.19	7.90E-01
READ	T>G	1.93	8.17E-01
DLBC	C>A	1.24	8.22E-01
LUAD	C>A	1.03	8.24E-01
LUSC	C>A	0.95	8.24E-01
CHOL	C>G	1.80	8.24E-01
DLBC	C>G	1.16	8.24E-01
MESO	C>G	0.90	8.24E-01
THYM	C>G	1.02	8.24E-01
THYM	T>A	0.73	8.24E-01
READ	T>C	1.68	8.24E-01
ACC	T>G	1.02	8.24E-01
GBM	T>G	0.33	8.58E-01
ACC	C>A	0.42	8.90E-01
PCPG	C>G	0.95	8.90E-01
READ	C>G	1.13	8.90E-01
STAD	C>G	1.15	8.90E-01
THCA	C>G	0.97	8.90E-01
ESCA	C>T	0.74	8.90E-01
KIPAN	C>T	1.04	8.90E-01
UVM	T>A	1.02	8.90E-01
BLCA	T>G	1.42	8.90E-01
LUSC	T>G	1.07	8.90E-01
STAD	T>G	1.28	8.90E-01
LUSC	T>A	0.95	8.94E-01
DLBC	T>G	1.26	9.13E-01
LAML	T>G	2.00	9.13E-01
ESCA	C>A	0.68	9.25E-01
LAML	C>A	1.27	9.25E-01
MESO	C>A	0.93	9.25E-01
THYM	C>A	0.80	9.25E-01
ACC	C>G	0.62	9.25E-01
ACC	C>T	1.55	9.25E-01
LIHC	C>T	1.04	9.25E-01
ACC	T>C	1.64	9.25E-01
LUSC	T>C	1.05	9.25E-01
MESO	T>G	1.10	9.28E-01
ESCA	C>G	0.98	9.28E-01
SARC	C>G	0.98	9.77E-01
LUSC	C>T	1.04	9.77E-01
UVM	C>T	0.32	9.77E-01
CHOL	C>A	1.42	9.87E-01
HNSC	C>A	1.11	9.89E-01
READ	C>A	3.63	9.89E-01
ACC	T>A	1.20	9.89E-01
SARC	T>A	1.26	9.89E-01
MESO	T>C	0.97	9.89E-01
PCPG	T>G	0.97	9.89E-01
THYM	T>G	0.88	9.89E-01
SARC	C>A	1.25	1.00E+00
UVM	C>A	1.03	1.00E+00
READ	C>T	2.88	1.00E+00
DLBC	T>A	1.20	1.00E+00
LAML	T>C	1.89	1.00E+00
THCA	T>G	0.91	1.00E+00
