index	PHBR-II_score	PHBR-I_score	Reference_Allele_readcounts	Total_readcounts	Tumor_Seq_Allele1_readcounts	Tumor_Seq_Allele2_readcounts	age_at_initial_pathologic_diagnosis	confidently_typed_MHC-I	confidently_typed_MHC-II	disease	driver_mutation	gender	num_tools_that_confirm	VAF_percentile_rank
TCGA-02-0003	64.73698128865948	4.564100226222489	Not available	Not available	Not available	Not available	50.0	True	True	TCGA-GBM	M_TP53_R282W	MALE	4	42.500799488327466
TCGA-02-0003	23.79529180594853	0.5903186887087578	Not available	Not available	Not available	Not available	50.0	True	True	TCGA-GBM	M_PIK3R1_G376R	MALE	4	89.72746331236897
TCGA-02-0033	33.57501160474971	2.4164744455088543	Not available	Not available	Not available	Not available	54.0	True	True	TCGA-GBM	M_PIK3CA_E542K	MALE	3	85.29411764705883
TCGA-02-0033	9.826235744036863	0.4524449550141417	Not available	Not available	Not available	Not available	54.0	True	True	TCGA-GBM	M_TP53_R248Q	MALE	4	18.102073365231263
TCGA-02-0047	6.887835865418258	1.4823198481963	26.0	39	26.0	13.0	78.0	True	True	TCGA-GBM	M_PIK3CA_N345K	MALE	4	31.558441558441558
TCGA-02-0055	8.975609756097562	0.8542955100893969	16	81	16	65	62.0	True	True	TCGA-GBM	M_TP53_V216M	FEMALE	4	1.5417457305502846
TCGA-02-2466	48.90052932934608	1.6498378230131716	Not available	Not available	Not available	Not available	61.0	True	True	TCGA-GBM	M_EGFR_A289V	MALE	4	71.6354234001293
TCGA-02-2466	3.631861746338808	0.11684081245667775	Not available	Not available	Not available	Not available	61.0	True	True	TCGA-GBM	M_SMARCA4_E920K	MALE	4	36.99418228829994
TCGA-02-2483	24.73991133982616	1.7233431351799862	233	354	233	119	43.0	True	True	TCGA-GBM	M_IDH1_R132H	MALE	4	37.36897274633123
TCGA-02-2483	39.604220920939056	3.1882380862101347	39	456	39	417	43.0	True	True	TCGA-GBM	M_TP53_R273H	MALE	4	0.0
TCGA-02-2485	6.5954198473282455	0.21153798388789352	162.0	270	162.0	106.0	53.0	False	False	TCGA-GBM	M_TP53_S127Y	MALE	4	17.322404371584703
TCGA-04-1336	4.346342229813905	1.5590465556602895	Not available	Not available	Not available	Not available	55.0	True	False	TCGA-OV	M_TP53_R248W	FEMALE	4	13.396934116112199
TCGA-04-1346	54.52996641568181	6.827151859058308	Not available	Not available	Not available	Not available	73.0	True	True	TCGA-OV	M_TP53_H179R	FEMALE	3	1.1494252873563218
TCGA-04-1347	17.615960749500704	4.103984264796262	2.0	137	2.0	135.0	81.0	False	False	TCGA-OV	M_TP53_S215R	FEMALE	4	1.4709051724137931
TCGA-04-1348	19.189019670250847	0.5945104234232338	Not available	Not available	Not available	Not available	44.0	False	True	TCGA-OV	M_TP53_G266R	FEMALE	4	14.193548387096776
TCGA-04-1349	17.681304484811797	1.1159085346439568	Not available	Not available	Not available	Not available	69.0	False	True	TCGA-OV	M_TP53_S241F	FEMALE	4	13.636363636363635
TCGA-04-1356	16.43225109062298	1.1851295182203452	17.0	269	17.0	252.0	62.0	False	True	TCGA-OV	M_TP53_Y220C	FEMALE	4	3.8947236809202304
TCGA-04-1360	37.04407165197612	0.5785534510328315	Not available	Not available	Not available	Not available	65.0	False	True	TCGA-OV	M_TP53_C176F	FEMALE	4	3.6177986559665944
TCGA-04-1361	70.56677871821131	15.860042889315267	44.0	379	44.0	333.0	57.0	False	False	TCGA-OV	M_TP53_Y234C	FEMALE	4	1.3367084110489387
TCGA-04-1367	32.63259944958719	15.079811098355364	Not available	Not available	Not available	Not available	50.0	True	True	TCGA-OV	M_TP53_S241F	FEMALE	4	2.439410739743386
TCGA-04-1369	Not available	3.4658561639601184	Not available	Not available	Not available	Not available	53.0	False	True	TCGA-OV	M_TP53_R280I	FEMALE	4	1.026315789473684
TCGA-04-1542	Not available	1.4566606674632223	4	316	4	312	52.0	True	True	TCGA-OV	M_TP53_R273H	FEMALE	4	0.0
TCGA-04-1649	Not available	3.607100755292517	Not available	Not available	Not available	Not available	74.0	False	True	TCGA-OV	M_TP53_F270S	FEMALE	4	3.9820675105485233
TCGA-04-1652	Not available	1.9114105054121984	Not available	Not available	Not available	Not available	76.0	True	True	TCGA-OV	M_MYO6_R928H	FEMALE	4	35.542929292929294
TCGA-04-1655	Not available	12.894072154581965	6.0	140	6.0	134.0	49.0	True	True	TCGA-OV	M_TP53_M237I	FEMALE	4	0.0
TCGA-05-4249	45.025582717453105	0.9482267750289514	29.0	31	29.0	2.0	67.0	True	False	TCGA-LUAD	M_PIK3CA_E545K	MALE	3	43.86617100371747
TCGA-05-4382	1.8935072919157072	2.0046053228959617	39.0	41	39.0	2.0	68.0	True	True	TCGA-LUAD	M_MB21D2_Q311E	MALE	3	59.22602355580482
TCGA-05-4382	55.130834026907635	6.737499003852774	74.0	187	74.0	111.0	68.0	True	True	TCGA-LUAD	M_TP53_V272G	MALE	4	17.388851749008392
TCGA-05-4382	0.5124755572937035	0.22967204424049426	9.0	238	9.0	228.0	68.0	True	True	TCGA-LUAD	M_CDKN2A_M53I	MALE	1	54.721326577614
TCGA-05-4384	Not available	0.2200744067855224	87	146	87	58	66.0	False	False	TCGA-LUAD	M_RIT1_M90I	MALE	4	10.841248303934869
TCGA-05-4389	5.342901410747777	0.8533419884882332	86	516	86	429	70.0	True	True	TCGA-LUAD	M_CTNNB1_T41A	MALE	4	6.754019693381528
TCGA-05-4389	30.413516090813648	0.8774640064361869	20	44	20	24	70.0	True	True	TCGA-LUAD	M_BRAF_G469V	MALE	4	17.195571216914267
TCGA-05-4390	19.011598528264653	1.3217964208707969	Not available	Not available	Not available	Not available	58.0	True	True	TCGA-LUAD	M_KRAS_G12V	FEMALE	4	17.46356121485643
TCGA-05-4395	13.812051000680516	0.4274456589796379	22.0	95	22.0	73.0	76.0	True	True	TCGA-LUAD	M_KRAS_G12V	MALE	4	7.671636236262533
TCGA-05-4395	48.83944252745503	1.4304985817543738	20.0	136	20.0	116.0	76.0	True	True	TCGA-LUAD	M_TP53_C176Y	MALE	4	17.805783640687395
TCGA-05-4397	32.02373750117806	3.4757353995107296	51.0	98	51.0	47.0	65.0	True	True	TCGA-LUAD	M_PIK3CA_E545K	MALE	4	65.47130336036176
TCGA-05-4405	49.241270066130504	4.381310280435967	102.0	145	102.0	41.0	74.0	True	True	TCGA-LUAD	M_TP53_R175H	FEMALE	2	63.90608939807967
TCGA-05-4405	37.12645567595597	0.6737123217397255	112.0	190	112.0	78.0	74.0	True	True	TCGA-LUAD	M_TP53_C277F	FEMALE	4	34.46864711737232
TCGA-05-4410	18.781056135572705	0.6334234708957088	17.0	23	17.0	6.0	62.0	True	True	TCGA-LUAD	M_BRAF_G466V	MALE	4	53.069089076956686
TCGA-05-4410	43.98864447740862	3.2887688024592308	22.0	75	22.0	52.0	62.0	True	True	TCGA-LUAD	M_TP53_D281V	MALE	4	33.45212844670251
TCGA-05-4415	7.1138543741867135	1.5947605719254758	2	2	2	0	57.0	True	False	TCGA-LUAD	M_XYLT1_R754H	MALE	4	31.55640079913939
TCGA-05-4417	15.230578768183225	5.8985375430537275	Not available	Not available	Not available	Not available	51.0	True	True	TCGA-LUAD	M_KRAS_G12C	FEMALE	4	1.704600484261501
TCGA-05-4418	14.49679904276968	10.694596489492355	Not available	Not available	Not available	Not available	69.0	False	True	TCGA-LUAD	M_KRAS_G12C	MALE	4	6.7014712861888945
TCGA-05-4420	25.77023024659358	0.17182587830809815	Not available	Not available	Not available	Not available	41.0	False	False	TCGA-LUAD	M_HRAS_Q61L	MALE	4	30.681997787260944
TCGA-05-4420	47.35193202251182	5.158384922971473	Not available	Not available	Not available	Not available	41.0	False	False	TCGA-LUAD	M_TP53_R280I	MALE	4	35.94910700173858
TCGA-05-4420	29.02228911562053	0.267775755359616	Not available	Not available	Not available	Not available	41.0	False	False	TCGA-LUAD	M_GATA3_M442I	MALE	3	95.12893982808023
TCGA-05-4422	26.23585771073284	0.04064061984618643	277.0	433	277.0	155.0	68.0	False	False	TCGA-LUAD	M_CTNNB1_S37F	MALE	4	40.476190476190474
TCGA-05-4424	10.209752249694496	0.6253314061218642	22.0	151	22.0	129.0	70.0	False	True	TCGA-LUAD	M_TP53_L194R	MALE	4	2.236677059814357
TCGA-05-4425	25.943981831945496	0.2540527711111315	523	806	523	281	70.0	False	False	TCGA-LUAD	M_CTNNB1_S45F	FEMALE	4	64.42687747035573
TCGA-05-4427	20.213729932305952	2.8434370024565188	21	50	21	29	65.0	True	True	TCGA-LUAD	M_KRAS_G12V	FEMALE	4	24.083070728291318
