Hugo_Symbol,Protein_position,Amino_acids,Chromosome,Start_Position,Strand,Reference_Allele,Tumor_Seq_Allele2,combined
TP53,281/393,D/E,chr17,7673777,+,G,C,TP53_D281E
TP53,272/393,V/M,chr17,7673806,+,C,T,TP53_V272M
TP53,275/393,C/Y,chr17,7673796,+,C,T,TP53_C275Y
TP53,220/393,Y/H,chr17,7674873,+,A,G,TP53_Y220H
TP53,242/393,C/S,chr17,7674238,+,C,G,TP53_C242S
TP53,237/393,M/I,chr17,7674252,+,C,T,TP53_M237I
TP53,151/393,P/S,chr17,7675161,+,G,A,TP53_P151S
TP53,175/393,R/H,chr17,7675088,+,C,T,TP53_R175H
TP53,214/393,H/R,chr17,7674890,+,T,C,TP53_H214R
TP53,244/393,G/S,chr17,7674233,+,C,T,TP53_G244S
PIK3CA,546/1068,Q/K,chr3,179218306,+,C,A,PIK3CA_Q546K
TP53,248/393,R/W,chr17,7674221,+,G,A,TP53_R248W
TP53,259/393,D/V,chr17,7674187,+,T,A,TP53_D259V
BTBD11,561/1104,A/V,chr12,107610228,+,C,T,BTBD11_A561V
TP53,179/393,H/N,chr17,7675077,+,G,T,TP53_H179N
TP53,126/393,Y/C,chr17,7675235,+,T,C,TP53_Y126C
PIK3CA,1047/1068,H/R,chr3,179234297,+,A,G,PIK3CA_H1047R
TP53,241/393,S/F,chr17,7674241,+,G,A,TP53_S241F
TP53,132/393,K/R,chr17,7675217,+,T,C,TP53_K132R
CDKN1A,33/164,D/N,chr6,36684198,+,G,A,CDKN1A_D33N
RAC1,29/192,P/S,chr7,6387261,+,C,T,RAC1_P29S
CSMD3,258/3707,P/S,chr8,113098901,+,G,A,CSMD3_P258S
TP53,135/393,C/R,chr17,7675209,+,A,G,TP53_C135R
TP53,234/393,Y/C,chr17,7674262,+,T,C,TP53_Y234C
TP53,220/393,Y/C,chr17,7674872,+,T,C,TP53_Y220C
TP53,158/393,R/H,chr17,7675139,+,C,T,TP53_R158H
TP53,215/393,S/R,chr17,7674886,+,A,C,TP53_S215R
ATM,337/3056,R/C,chr11,108247071,+,C,T,ATM_R337C
TP53,238/393,C/Y,chr17,7674250,+,C,T,TP53_C238Y
TP53,195/393,I/F,chr17,7674948,+,T,A,TP53_I195F
TP53,248/393,R/Q,chr17,7674220,+,C,T,TP53_R248Q
ASXL1,611/1541,A/T,chr20,32434543,+,G,A,ASXL1_A611T
SF3B1,700/1304,K/E,chr2,197402110,+,T,C,SF3B1_K700E
KRAS,61/189,Q/H,chr12,25227341,+,T,A,KRAS_Q61H
TP53,205/393,Y/C,chr17,7674917,+,T,C,TP53_Y205C
PPP2R1A,179/589,P/R,chr19,52212718,+,C,G,PPP2R1A_P179R
PTPN11,510/593,Q/L,chr12,112489105,+,A,T,PTPN11_Q510L
TP53,132/393,K/E,chr17,7675218,+,T,C,TP53_K132E
PIK3CA,345/1068,N/K,chr3,179203765,+,T,A,PIK3CA_N345K
IDH1,132/414,R/H,chr2,208248388,+,C,T,IDH1_R132H
TP53,238/393,C/F,chr17,7674250,+,C,A,TP53_C238F
TP53,273/393,R/L,chr17,7673802,+,C,A,TP53_R273L
TP53,273/393,R/C,chr17,7673803,+,G,A,TP53_R273C
PIK3CA,545/1068,E/A,chr3,179218304,+,A,C,PIK3CA_E545A
TP53,193/393,H/P,chr17,7674953,+,T,G,TP53_H193P
TP53,250/393,P/L,chr17,7674214,+,G,A,TP53_P250L
TP53,163/393,Y/C,chr17,7675124,+,T,C,TP53_Y163C
KRT15,205/456,V/I,chr17,41516933,+,C,T,KRT15_V205I
PIK3CA,546/1068,Q/R,chr3,179218307,+,A,G,PIK3CA_Q546R
TP53,255/393,I/F,chr17,7674200,+,T,A,TP53_I255F
IDH2,172/452,R/K,chr15,90088606,+,C,T,IDH2_R172K
TP53,249/393,R/G,chr17,7674218,+,T,C,TP53_R249G
IDH1,132/414,R/C,chr2,208248389,+,G,A,IDH1_R132C
TP53,273/393,R/H,chr17,7673802,+,C,T,TP53_R273H
CIC,215/1608,R/Q,chr19,42287606,+,G,A,CIC_R215Q
TP53,246/393,M/V,chr17,7674227,+,T,C,TP53_M246V
EGFR,252/1210,R/C,chr7,55154017,+,C,T,EGFR_R252C
RASA1,194/1047,R/C,chr5,87331388,+,C,T,RASA1_R194C
MAGI2,876/1455,P/S,chr7,78160244,+,G,A,MAGI2_P876S
EZH2,679/746,R/H,chr7,148809369,+,C,T,EZH2_R679H
TP53,267/393,R/W,chr17,7673821,+,G,A,TP53_R267W
TP53,175/393,R/C,chr17,7675089,+,G,A,TP53_R175C
MYH2,1181/1941,R/C,chr17,10528893,+,G,A,MYH2_R1181C
UBQLN2,196/624,S/L,chrX,56564460,+,C,T,UBQLN2_S196L
TP53,245/393,G/D,chr17,7674229,+,C,T,TP53_G245D
IDH1,132/414,R/S,chr2,208248389,+,G,T,IDH1_R132S
TP53,193/393,H/R,chr17,7674953,+,T,C,TP53_H193R
PIK3CA,420/1068,C/R,chr3,179210192,+,T,C,PIK3CA_C420R
TP53,181/393,R/H,chr17,7675070,+,C,T,TP53_R181H
TP53,280/393,R/K,chr17,7673781,+,C,T,TP53_R280K
TP53,266/393,G/R,chr17,7673824,+,C,T,TP53_G266R
TP53,176/393,C/Y,chr17,7675085,+,C,T,TP53_C176Y
BRAF,600/766,V/E,chr7,140753336,+,A,T,BRAF_V600E
TP53,179/393,H/D,chr17,7675077,+,G,C,TP53_H179D
PIK3CA,1043/1068,M/V,chr3,179234284,+,A,G,PIK3CA_M1043V
CIC,215/1608,R/W,chr19,42287605,+,C,T,CIC_R215W
TP53,179/393,H/R,chr17,7675076,+,T,C,TP53_H179R
TP53,282/393,R/W,chr17,7673776,+,G,A,TP53_R282W
IDH1,132/414,R/G,chr2,208248389,+,G,C,IDH1_R132G
SETD2,1625/2564,R/C,chr3,47103390,+,G,A,SETD2_R1625C
EGFR,289/1210,A/V,chr7,55154129,+,C,T,EGFR_A289V
SMARCA4,1186/1647,A/V,chr19,11033300,+,C,T,SMARCA4_A1186V
TP53,277/393,C/F,chr17,7673790,+,C,A,TP53_C277F
TP53,245/393,G/S,chr17,7674230,+,C,T,TP53_G245S
PIK3CA,111/1068,K/E,chr3,179199156,+,A,G,PIK3CA_K111E
TP53,173/393,V/M,chr17,7675095,+,C,T,TP53_V173M
CIC,201/1608,R/W,chr19,42287563,+,C,T,CIC_R201W
TP53,270/393,F/S,chr17,7673811,+,A,G,TP53_F270S
TP53,194/393,L/R,chr17,7674950,+,A,C,TP53_L194R
EGFR,108/1210,R/K,chr7,55143387,+,G,A,EGFR_R108K
TP53,205/393,Y/H,chr17,7674918,+,A,G,TP53_Y205H
TP53,132/393,K/N,chr17,7675216,+,C,G,TP53_K132N
SPOP,131/374,W/C,chr17,49619068,+,C,G,SPOP_W131C
TP53,127/393,S/Y,chr17,7675232,+,G,T,TP53_S127Y
PIK3CA,546/1068,Q/P,chr3,179218307,+,A,C,PIK3CA_Q546P
EGFR,252/1210,R/P,chr7,55154018,+,G,C,EGFR_R252P
NF1,1870/2839,R/Q,chr17,31327839,+,G,A,NF1_R1870Q
MAX,60/160,R/Q,chr14,65078029,+,C,T,MAX_R60Q
CIC,1515/1608,R/C,chr19,42294907,+,C,T,CIC_R1515C
PIK3R1,564/724,N/D,chr5,68295269,+,A,G,PIK3R1_N564D
PIK3CA,471/1068,P/L,chr3,179210438,+,C,T,PIK3CA_P471L
FBXW7,689/707,R/W,chr4,152322940,+,G,A,FBXW7_R689W
TP53,173/393,V/L,chr17,7675095,+,C,A,TP53_V173L
PIK3CA,453/1068,E/K,chr3,179210291,+,G,A,PIK3CA_E453K
TP53,213/393,R/Q,chr17,7674893,+,C,T,TP53_R213Q
TP53,265/393,L/R,chr17,7673826,+,A,C,TP53_L265R
PTEN,132/403,G/D,chr10,87933154,+,G,A,PTEN_G132D
PIK3CA,1047/1068,H/Y,chr3,179234296,+,C,T,PIK3CA_H1047Y
TP53,237/393,M/V,chr17,7674254,+,T,C,TP53_M237V
CIC,202/1608,R/W,chr19,42287566,+,C,T,CIC_R202W
IDH2,172/452,R/M,chr15,90088606,+,C,A,IDH2_R172M
EGFR,62/1210,L/R,chr7,55142382,+,T,G,EGFR_L62R
TP53,195/393,I/T,chr17,7674947,+,A,G,TP53_I195T
TP53,216/393,V/M,chr17,7674885,+,C,T,TP53_V216M
NRAS,61/189,Q/R,chr1,114713908,+,T,C,NRAS_Q61R
PIK3CA,118/1068,G/D,chr3,179199690,+,G,A,PIK3CA_G118D
EGFR,598/1210,G/V,chr7,55165350,+,G,T,EGFR_G598V
MAP3K1,1330/1512,S/L,chr5,56885938,+,C,T,MAP3K1_S1330L
DNMT3A,659/912,R/H,chr2,25241668,+,C,T,DNMT3A_R659H
TP53,241/393,S/Y,chr17,7674241,+,G,T,TP53_S241Y
PIK3CA,542/1068,E/K,chr3,179218294,+,G,A,PIK3CA_E542K
TP53,155/393,T/N,chr17,7675148,+,G,T,TP53_T155N
PIK3CA,1047/1068,H/L,chr3,179234297,+,A,T,PIK3CA_H1047L
TP53,265/393,L/P,chr17,7673826,+,A,G,TP53_L265P
EGFR,774/1210,V/M,chr7,55181329,+,G,A,EGFR_V774M
CIC,1512/1608,R/H,chr19,42294899,+,G,A,CIC_R1512H
TP53,196/393,R/P,chr17,7674944,+,C,G,TP53_R196P
TP53,175/393,R/G,chr17,7675089,+,G,C,TP53_R175G
PTEN,173/403,R/C,chr10,87952142,+,C,T,PTEN_R173C
TP53,275/393,C/F,chr17,7673796,+,C,A,TP53_C275F
TP53,161/393,A/T,chr17,7675131,+,C,T,TP53_A161T
PIK3CA,545/1068,E/K,chr3,179218303,+,G,A,PIK3CA_E545K
TP53,278/393,P/L,chr17,7673787,+,G,A,TP53_P278L
TP53,157/393,V/D,chr17,7675142,+,A,T,TP53_V157D
MEN1,337/615,R/H,chr11,64806286,+,C,T,MEN1_R337H
NOTCH1,310/2555,G/R,chr9,136518762,+,C,T,NOTCH1_G310R
MYH2,793/1941,R/Q,chr17,10533348,+,C,T,MYH2_R793Q
PIK3R1,376/724,G/R,chr5,68293310,+,G,A,PIK3R1_G376R
TP53,274/393,V/F,chr17,7673800,+,C,A,TP53_V274F
TP53,141/393,C/W,chr17,7675189,+,G,C,TP53_C141W
TP53,281/393,D/V,chr17,7673778,+,T,A,TP53_D281V
ZNF799,297/643,R/Q,chr19,12391508,+,C,T,ZNF799_R297Q
TP53,143/393,V/G,chr17,7675184,+,A,C,TP53_V143G
TP53,126/393,Y/D,chr17,7675236,+,A,C,TP53_Y126D
TP53,236/393,Y/C,chr17,7674256,+,T,C,TP53_Y236C
TP53,215/393,S/G,chr17,7674888,+,T,C,TP53_S215G
LHFPL1,69/220,R/C,chrX,112671186,+,G,A,LHFPL1_R69C
NRAS,13/189,G/R,chr1,114716124,+,C,G,NRAS_G13R
PGM5,442/567,T/M,chr9,68483894,+,C,T,PGM5_T442M
PTPN11,71/593,F/L,chr12,112450393,+,T,A,PTPN11_F71L
TP53,279/393,G/E,chr17,7673784,+,C,T,TP53_G279E
TP53,159/393,A/V,chr17,7675136,+,G,A,TP53_A159V
TP53,136/393,Q/E,chr17,7675206,+,G,C,TP53_Q136E
TP53,205/393,Y/S,chr17,7674917,+,T,G,TP53_Y205S
TP53,141/393,C/Y,chr17,7675190,+,C,T,TP53_C141Y
SMARCA4,1192/1647,R/H,chr19,11033318,+,G,A,SMARCA4_R1192H
PIK3CA,88/1068,R/Q,chr3,179199088,+,G,A,PIK3CA_R88Q
NOTCH1,465/2555,A/T,chr9,136517800,+,C,T,NOTCH1_A465T
TP53,245/393,G/V,chr17,7674229,+,C,A,TP53_G245V
MYH2,1388/1941,R/H,chr17,10526623,+,C,T,MYH2_R1388H
EGFR,263/1210,T/P,chr7,55154050,+,A,C,EGFR_T263P
CHD8,578/2581,R/H,chr14,21415891,+,C,T,CHD8_R578H
TP53,130/393,L/V,chr17,7675224,+,G,C,TP53_L130V
PIK3CA,901/1068,C/F,chr3,179230039,+,G,T,PIK3CA_C901F
TP53,127/393,S/F,chr17,7675232,+,G,A,TP53_S127F
SMARCA4,1192/1647,R/C,chr19,11033317,+,C,T,SMARCA4_R1192C
TP53,190/393,P/L,chr17,7674962,+,G,A,TP53_P190L
TP53,120/393,K/E,chr17,7676011,+,T,C,TP53_K120E
TP53,286/393,E/G,chr17,7673763,+,T,C,TP53_E286G
TP53,232/393,I/S,chr17,7674268,+,A,C,TP53_I232S
TP53,267/393,R/P,chr17,7673820,+,C,G,TP53_R267P
PTPN11,498/593,R/W,chr12,112489068,+,C,T,PTPN11_R498W
TP53,158/393,R/G,chr17,7675140,+,G,C,TP53_R158G
MYH2,387/1941,A/V,chr17,10539550,+,G,A,MYH2_A387V
TP53,274/393,V/G,chr17,7673799,+,A,C,TP53_V274G
TP53,177/393,P/R,chr17,7675082,+,G,C,TP53_P177R
ABCB1,41/1280,R/C,chr7,87585677,+,G,A,ABCB1_R41C
ACADS,330/412,R/H,chr12,120738875,+,G,A,ACADS_R330H
TP53,337/393,R/C,chr17,7670700,+,G,A,TP53_R337C
TP53,193/393,H/L,chr17,7674953,+,T,A,TP53_H193L
TP53,216/393,V/L,chr17,7674885,+,C,A,TP53_V216L
TP53,244/393,G/D,chr17,7674232,+,C,T,TP53_G244D
TP53,172/393,V/F,chr17,7675098,+,C,A,TP53_V172F
PTEN,246/403,P/L,chr10,87957955,+,C,T,PTEN_P246L
TP53,276/393,A/D,chr17,7673793,+,G,T,TP53_A276D
KRAS,12/189,G/C,chr12,25245351,+,C,A,KRAS_G12C
KRAS,61/189,Q/R,chr12,25227342,+,T,C,KRAS_Q61R
AKT1,17/480,E/K,chr14,104780214,+,C,T,AKT1_E17K
BRAF,601/766,K/E,chr7,140753334,+,T,C,BRAF_K601E
PPP2R1A,273/589,A/V,chr19,52215789,+,C,T,PPP2R1A_A273V
NRAS,61/189,Q/K,chr1,114713909,+,G,T,NRAS_Q61K
OR5I1,294/314,L/F,chr11,55935519,+,C,G,OR5I1_L294F
KRAS,12/189,G/V,chr12,25245350,+,C,A,KRAS_G12V
HRAS,61/189,Q/R,chr11,533874,+,T,C,HRAS_Q61R
PIK3CA,186/1068,D/H,chr3,179199893,+,G,C,PIK3CA_D186H
HRAS,61/189,Q/K,chr11,533875,+,G,T,HRAS_Q61K
UBQLN2,309/624,R/S,chrX,56564798,+,C,A,UBQLN2_R309S
KRAS,61/189,Q/K,chr12,25227343,+,G,T,KRAS_Q61K
AKT1,52/480,L/R,chr14,104780108,+,A,C,AKT1_L52R
PIK3CA,1043/1068,M/I,chr3,179234286,+,G,C,PIK3CA_M1043I
GRXCR1,262/290,R/Q,chr4,43030452,+,G,A,GRXCR1_R262Q
EGFR,114/1210,E/K,chr7,55143404,+,G,A,EGFR_E114K
PIK3CA,1007/1068,G/R,chr3,179234176,+,G,C,PIK3CA_G1007R
TP53,220/393,Y/S,chr17,7674872,+,T,G,TP53_Y220S
TP53,126/393,Y/N,chr17,7675236,+,A,T,TP53_Y126N
PIK3CA,81/1068,E/K,chr3,179199066,+,G,A,PIK3CA_E81K
MLLT4,1510/1824,S/N,chr6,167951904,+,G,A,MLLT4_S1510N
CSMD3,285/3707,D/N,chr8,113098820,+,C,T,CSMD3_D285N
TP53,215/393,S/I,chr17,7674887,+,C,A,TP53_S215I
TP53,281/393,D/Y,chr17,7673779,+,C,A,TP53_D281Y
PIK3CA,1049/1068,G/R,chr3,179234302,+,G,C,PIK3CA_G1049R
PIK3CA,345/1068,N/T,chr3,179203764,+,A,C,PIK3CA_N345T
MB21D2,311/491,Q/E,chr3,192798931,+,G,C,MB21D2_Q311E
ERBB2,777/1255,V/L,chr17,39724747,+,G,T,ERBB2_V777L
CSMD3,395/3707,R/Q,chr8,112975995,+,C,T,CSMD3_R395Q
CHD4,877/1912,R/W,chr12,6593114,+,G,A,CHD4_R877W
TP53,273/393,R/P,chr17,7673802,+,C,G,TP53_R273P
CDH1,243/882,E/K,chr16,68810236,+,G,A,CDH1_E243K
PIK3CA,726/1068,E/K,chr3,179221146,+,G,A,PIK3CA_E726K
MAP2K4,134/399,R/W,chr17,12095581,+,C,T,MAP2K4_R134W
PTEN,130/403,R/Q,chr10,87933148,+,G,A,PTEN_R130Q
TP53,278/393,P/T,chr17,7673788,+,G,T,TP53_P278T
TP53,176/393,C/F,chr17,7675085,+,C,A,TP53_C176F
FBXW7,479/707,R/Q,chr4,152326214,+,C,T,FBXW7_R479Q
GATA3,293/443,M/K,chr10,8064095,+,T,A,GATA3_M293K
SMAD4,361/552,R/H,chr18,51065549,+,G,A,SMAD4_R361H
COL5A2,1453/1499,R/W,chr2,189034213,+,G,A,COL5A2_R1453W
USP28,235/1077,P/L,chr11,113833475,+,G,A,USP28_P235L
TP53,179/393,H/Y,chr17,7675077,+,G,A,TP53_H179Y
TP53,155/393,T/P,chr17,7675149,+,T,G,TP53_T155P
CDH1,732/882,R/Q,chr16,68828204,+,G,A,CDH1_R732Q
TP53,151/393,P/H,chr17,7675160,+,G,T,TP53_P151H
ERBB2,767/1255,I/M,chr17,39724004,+,C,G,ERBB2_I767M
ERBB3,284/1342,G/R,chr12,56088138,+,G,A,ERBB3_G284R
TP53,135/393,C/F,chr17,7675208,+,C,A,TP53_C135F
ERBB2,310/1255,S/F,chr17,39711955,+,C,T,ERBB2_S310F
TP53,113/393,F/C,chr17,7676031,+,A,C,TP53_F113C
KMT2C,367/4911,H/Y,chr7,152265123,+,G,A,KMT2C_H367Y
HRAS,12/189,G/D,chr11,534288,+,C,T,HRAS_G12D
FGFR2,549/821,N/K,chr10,121498520,+,A,T,FGFR2_N549K
PIK3CA,344/1068,V/M,chr3,179203760,+,G,A,PIK3CA_V344M
PPP2R1A,183/589,R/W,chr19,52212729,+,C,T,PPP2R1A_R183W
PTEN,92/403,D/E,chr10,87933035,+,C,G,PTEN_D92E
TP53,266/393,G/E,chr17,7673823,+,C,T,TP53_G266E
PIK3CA,104/1068,P/L,chr3,179199136,+,C,T,PIK3CA_P104L
TP53,199/393,G/V,chr17,7674935,+,C,A,TP53_G199V
TP53,286/393,E/Q,chr17,7673764,+,C,G,TP53_E286Q
PIK3CA,108/1068,R/H,chr3,179199148,+,G,A,PIK3CA_R108H
CAPRIN2,215/1077,R/Q,chr12,30735133,+,C,T,CAPRIN2_R215Q
NF1,1306/2839,R/Q,chr17,31235964,+,G,A,NF1_R1306Q
DCLK1,60/740,R/C,chr13,36125960,+,G,A,DCLK1_R60C
TP53,286/393,E/K,chr17,7673764,+,C,T,TP53_E286K
TP53,246/393,M/I,chr17,7674225,+,C,T,TP53_M246I
HRAS,13/189,G/R,chr11,534286,+,C,G,HRAS_G13R
FBXW7,465/707,R/C,chr4,152328233,+,G,A,FBXW7_R465C
PIK3CA,350/1068,D/G,chr3,179203779,+,A,G,PIK3CA_D350G
RHOA,40/193,E/Q,chr3,49375472,+,C,G,RHOA_E40Q
ERBB3,928/1342,E/G,chr12,56098849,+,A,G,ERBB3_E928G
TP53,280/393,R/T,chr17,7673781,+,C,G,TP53_R280T
DKK2,230/259,R/H,chr4,106924045,+,C,T,DKK2_R230H
TP53,278/393,P/S,chr17,7673788,+,G,A,TP53_P278S
LUM,240/338,E/K,chr12,91108262,+,C,T,LUM_E240K
TP53,280/393,R/S,chr17,7673780,+,T,G,TP53_R280S
PIK3CA,378/1068,C/F,chr3,179204576,+,G,T,PIK3CA_C378F
TP53,111/393,L/P,chr17,7676037,+,A,G,TP53_L111P
GATA3,305/443,R/Q,chr10,8064131,+,G,A,GATA3_R305Q
TRIP12,761/1992,A/V,chr2,229807778,+,G,A,TRIP12_A761V
TP53,278/393,P/A,chr17,7673788,+,G,C,TP53_P278A
TP53,176/393,C/S,chr17,7675085,+,C,G,TP53_C176S
PIK3CA,1004/1068,M/I,chr3,179234169,+,G,A,PIK3CA_M1004I
ERBB2,678/1255,R/Q,chr17,39723405,+,G,A,ERBB2_R678Q
ERBB2,755/1255,L/S,chr17,39723967,+,T,C,ERBB2_L755S
TP53,241/393,S/C,chr17,7674241,+,G,C,TP53_S241C
DNMT3A,882/912,R/H,chr2,25234373,+,C,T,DNMT3A_R882H
MAP2K4,184/399,S/L,chr17,12107827,+,C,T,MAP2K4_S184L
PTEN,124/403,C/S,chr10,87933129,+,T,A,PTEN_C124S
MAP2K1,203/393,E/K,chr15,66481793,+,G,A,MAP2K1_E203K
FBXW7,545/707,Y/C,chr4,152326016,+,T,C,FBXW7_Y545C
PIK3CA,539/1068,P/R,chr3,179218286,+,C,G,PIK3CA_P539R
HIST1H2BF,77/126,E/K,chr6,26199787,+,G,A,HIST1H2BF_E77K
ERBB3,355/1342,T/I,chr12,56088823,+,C,T,ERBB3_T355I
TP53,193/393,H/Y,chr17,7674954,+,G,A,TP53_H193Y
CASP8,248/479,R/W,chr2,201276908,+,C,T,CASP8_R248W
ERBB2,842/1255,V/I,chr17,39725079,+,G,A,ERBB2_V842I
RNF43,607/783,S/L,chr17,58357956,+,G,A,RNF43_S607L
KCND3,626/655,E/K,chr1,111776169,+,C,T,KCND3_E626K
PTN,130/168,E/K,chr7,137251293,+,C,T,PTN_E130K
TP53,135/393,C/Y,chr17,7675208,+,C,T,TP53_C135Y
ATM,2875/3056,N/S,chr11,108347318,+,A,G,ATM_N2875S
TRIP12,1803/1992,E/K,chr2,229774159,+,C,T,TRIP12_E1803K
SETD2,2024/2564,R/Q,chr3,47067108,+,C,T,SETD2_R2024Q
PIK3CA,1021/1068,Y/C,chr3,179234219,+,A,G,PIK3CA_Y1021C
TRIM23,549/574,R/Q,chr5,65591848,+,C,T,TRIM23_R549Q
APC,1400/2843,S/L,chr5,112839793,+,C,T,APC_S1400L
LSM11,180/360,R/W,chr5,157751479,+,C,T,LSM11_R180W
PPP6C,180/305,E/K,chr9,125153664,+,C,T,PPP6C_E180K
GRM5,406/1212,S/L,chr11,88604895,+,G,A,GRM5_S406L
ATM,337/3056,R/H,chr11,108247072,+,G,A,ATM_R337H
PTPN11,146/593,D/Y,chr12,112453298,+,G,T,PTPN11_D146Y
ZC3H13,1261/1668,R/Q,chr13,45968762,+,C,T,ZC3H13_R1261Q
GNAS,389/394,R/C,chr20,58910809,+,C,T,GNAS_R389C
GRXCR1,14/290,R/Q,chr4,42893307,+,G,A,GRXCR1_R14Q
CHD4,1162/1912,R/W,chr12,6587931,+,G,A,CHD4_R1162W
MTOR,2500/2549,I/F,chr1,11109320,+,T,A,MTOR_I2500F
TP53,285/393,E/K,chr17,7673767,+,C,T,TP53_E285K
PIK3CA,939/1068,D/G,chr3,179230256,+,A,G,PIK3CA_D939G
KMT2C,4425/4911,D/Y,chr7,152148654,+,C,A,KMT2C_D4425Y
ERBB2,769/1255,D/Y,chr17,39724008,+,G,T,ERBB2_D769Y
COL4A2,1410/1712,R/Q,chr13,110503937,+,G,A,COL4A2_R1410Q
GNAS,201/394,R/C,chr20,58909365,+,C,T,GNAS_R201C
TP53,157/393,V/F,chr17,7675143,+,C,A,TP53_V157F
RHOA,5/193,R/W,chr3,49375577,+,G,A,RHOA_R5W
TP53,135/393,C/W,chr17,7675207,+,G,C,TP53_C135W
PTEN,130/403,R/P,chr10,87933148,+,G,C,PTEN_R130P
PIK3CA,600/1068,E/K,chr3,179219622,+,G,A,PIK3CA_E600K
PIK3CA,111/1068,K/N,chr3,179199158,+,G,C,PIK3CA_K111N
ERBB3,297/1342,D/Y,chr12,56088557,+,G,T,ERBB3_D297Y
PIK3CA,542/1068,E/G,chr3,179218295,+,A,G,PIK3CA_E542G
CASP8,233/479,R/W,chr2,201276863,+,C,T,CASP8_R233W
TP53,27/393,P/S,chr17,7676399,+,G,A,TP53_P27S
XYLT1,754/959,R/C,chr16,17117943,+,G,A,XYLT1_R754C
KRAS,12/189,G/D,chr12,25245350,+,C,T,KRAS_G12D
NFE2L2,79/605,E/K,chr2,177234082,+,C,T,NFE2L2_E79K
PIK3CA,106/1068,G/V,chr3,179199142,+,G,T,PIK3CA_G106V
ERBB3,104/1342,V/M,chr12,56085070,+,G,A,ERBB3_V104M
NFE2L2,82/605,E/D,chr2,177234071,+,T,A,NFE2L2_E82D
RIT1,90/219,M/I,chr1,155904470,+,C,T,RIT1_M90I
EP300,1399/2414,D/N,chr22,41169525,+,G,A,EP300_D1399N
NFE2L2,29/605,D/H,chr2,177234232,+,C,G,NFE2L2_D29H
COL5A2,592/1499,A/V,chr2,189063266,+,G,A,COL5A2_A592V
MAPK1,322/360,E/K,chr22,21772875,+,C,T,MAPK1_E322K
PIK3CA,453/1068,E/Q,chr3,179210291,+,G,C,PIK3CA_E453Q
MYC,146/439,S/L,chr8,127738699,+,C,T,MYC_S146L
PIK3CA,344/1068,V/G,chr3,179203761,+,T,G,PIK3CA_V344G
ARID1A,2087/2285,G/R,chr1,26780157,+,G,A,ARID1A_G2087R
RHOA,106/193,F/L,chr3,49362586,+,G,C,RHOA_F106L
MAGI2,843/1455,D/N,chr7,78167985,+,C,T,MAGI2_D843N
USP28,141/1077,R/C,chr11,113840711,+,G,A,USP28_R141C
FBXW7,505/707,R/G,chr4,152326137,+,G,C,FBXW7_R505G
SF3B1,625/1304,R/H,chr2,197402759,+,C,T,SF3B1_R625H
SF3B1,666/1304,K/T,chr2,197402636,+,T,G,SF3B1_K666T
SF3B1,625/1304,R/C,chr2,197402760,+,G,A,SF3B1_R625C
PPP2R1A,183/589,R/Q,chr19,52212730,+,G,A,PPP2R1A_R183Q
SMARCA4,910/1647,T/M,chr19,11021837,+,C,T,SMARCA4_T910M
TP53,163/393,Y/H,chr17,7675125,+,A,G,TP53_Y163H
SPOP,131/374,W/G,chr17,49619070,+,A,C,SPOP_W131G
TP53,193/393,H/N,chr17,7674954,+,G,T,TP53_H193N
BRAF,469/766,G/A,chr7,140781602,+,C,G,BRAF_G469A
SPOP,102/374,F/V,chr17,49619282,+,A,C,SPOP_F102V
MED12,1224/2177,L/F,chrX,71129408,+,C,T,MED12_L1224F
SPOP,133/374,F/C,chr17,49619063,+,A,C,SPOP_F133C
TP53,141/393,C/G,chr17,7675191,+,A,C,TP53_C141G
CTNNB1,33/781,S/Y,chr3,41224610,+,C,A,CTNNB1_S33Y
SPOP,133/374,F/V,chr17,49619064,+,A,C,SPOP_F133V
CTNNB1,32/781,D/H,chr3,41224606,+,G,C,CTNNB1_D32H
TP53,271/393,E/V,chr17,7673808,+,T,A,TP53_E271V
TP53,239/393,N/D,chr17,7674248,+,T,C,TP53_N239D
SPOP,133/374,F/L,chr17,49619062,+,G,C,SPOP_F133L
CTNNB1,33/781,S/C,chr3,41224610,+,C,G,CTNNB1_S33C
SPOP,87/374,Y/C,chr17,49619326,+,T,C,SPOP_Y87C
CTNNB1,41/781,T/A,chr3,41224633,+,A,G,CTNNB1_T41A
CRIPAK,430/446,R/C,chr4,1395799,+,C,T,CRIPAK_R430C
TET2,347/2002,A/V,chr4,105234982,+,C,T,TET2_A347V
KRAS,12/189,G/R,chr12,25245351,+,C,G,KRAS_G12R
MYH2,709/1941,R/H,chr17,10535127,+,C,T,MYH2_R709H
KRAS,13/189,G/C,chr12,25245348,+,C,A,KRAS_G13C
KRAS,13/189,G/D,chr12,25245347,+,C,T,KRAS_G13D
PIK3CA,725/1068,D/G,chr3,179221144,+,A,G,PIK3CA_D725G
PRKCI,480/596,R/C,chr3,170295931,+,C,T,PRKCI_R480C
PIK3CA,357/1068,R/Q,chr3,179204513,+,G,A,PIK3CA_R357Q
FBXW7,14/707,R/Q,chr4,152411763,+,C,T,FBXW7_R14Q
TRIM23,289/574,R/Q,chr5,65609421,+,C,T,TRIM23_R289Q
CSMD3,1090/3707,S/Y,chr8,112645150,+,G,T,CSMD3_S1090Y
MS4A8,3/250,S/L,chr11,60700868,+,C,T,MS4A8_S3L
CHD4,1338/1912,R/I,chr12,6583245,+,C,A,CHD4_R1338I
CHD8,1632/2581,S/L,chr14,21399628,+,G,A,CHD8_S1632L
MFGE8,168/387,E/K,chr15,88906664,+,C,T,MFGE8_E168K
CDK12,890/1490,R/H,chr17,39511531,+,G,A,CDK12_R890H
ZNF844,436/666,D/N,chr19,12076426,+,G,A,ZNF844_D436N
KMT2B,324/2715,E/K,chr19,35720317,+,G,A,KMT2B_E324K
STAG2,465/1231,V/F,chrX,124057954,+,G,T,STAG2_V465F
TP53,159/393,A/P,chr17,7675137,+,C,G,TP53_A159P
GRXCR1,19/290,R/Q,chr4,42893322,+,G,A,GRXCR1_R19Q
KRAS,146/189,A/T,chr12,25225628,+,C,T,KRAS_A146T
TP53,211/393,T/I,chr17,7674899,+,G,A,TP53_T211I
BRAF,594/766,D/N,chr7,140753355,+,C,T,BRAF_D594N
KRAS,19/189,L/F,chr12,25245328,+,C,G,KRAS_L19F
KRAS,12/189,G/A,chr12,25245350,+,C,G,KRAS_G12A
FBXW7,505/707,R/C,chr4,152326137,+,G,A,FBXW7_R505C
MFGE8,280/387,A/V,chr15,88901582,+,G,A,MFGE8_A280V
FBXW7,465/707,R/H,chr4,152328232,+,C,T,FBXW7_R465H
JAKMIP2,334/810,A/T,chr5,147644933,+,C,T,JAKMIP2_A334T
MYF5,129/255,R/C,chr12,80717448,+,C,T,MYF5_R129C
CREBBP,1446/2442,R/C,chr16,3738617,+,G,A,CREBBP_R1446C
ABCB1,467/1280,R/W,chr7,87550006,+,G,A,ABCB1_R467W
GNAS,201/394,R/H,chr20,58909366,+,G,A,GNAS_R201H
TGFBR2,528/567,R/H,chr3,30691478,+,G,A,TGFBR2_R528H
FAT1,2289/4588,A/V,chr4,186619720,+,G,A,FAT1_A2289V
ABCB1,41/1280,R/H,chr7,87585676,+,C,T,ABCB1_R41H
PTEN,277/403,T/I,chr10,87960922,+,C,T,PTEN_T277I
SMAD4,361/552,R/C,chr18,51065548,+,C,T,SMAD4_R361C
GRM5,906/1212,T/P,chr11,88525319,+,T,G,GRM5_T906P
MYH2,756/1941,D/N,chr17,10533547,+,C,T,MYH2_D756N
GATA3,395/443,A/T,chr10,8073874,+,G,A,GATA3_A395T
MS4A8,183/250,A/V,chr11,60715034,+,C,T,MS4A8_A183V
KMT2B,2332/2715,R/C,chr19,35733631,+,C,T,KMT2B_R2332C
FBXW7,582/707,S/L,chr4,152324294,+,G,A,FBXW7_S582L
NRAS,61/189,Q/L,chr1,114713908,+,T,A,NRAS_Q61L
SMARCA4,885/1647,R/C,chr19,11021761,+,C,T,SMARCA4_R885C
CTNNB1,45/781,S/F,chr3,41224646,+,C,T,CTNNB1_S45F
PIK3CA,38/1068,R/C,chr3,179198937,+,C,T,PIK3CA_R38C
KCNQ5,693/932,T/M,chr6,73194693,+,C,T,KCNQ5_T693M
TP53,259/393,D/Y,chr17,7674188,+,C,A,TP53_D259Y
CHD4,975/1912,R/H,chr12,6592417,+,C,T,CHD4_R975H
TUSC3,66/348,F/V,chr8,15623137,+,T,G,TUSC3_F66V
PTPN11,503/593,G/V,chr12,112489084,+,G,T,PTPN11_G503V
FBXW7,505/707,R/H,chr4,152326136,+,C,T,FBXW7_R505H
MTOR,1799/2549,E/K,chr1,11130747,+,C,T,MTOR_E1799K
MB21D2,288/491,R/W,chr3,192799000,+,G,A,MB21D2_R288W
KMT2C,135/4911,A/T,chr7,152315325,+,C,T,KMT2C_A135T
MYO6,91/1285,A/T,chr6,75830425,+,G,A,MYO6_A91T
TP53,274/393,V/D,chr17,7673799,+,A,T,TP53_V274D
KCNQ5,704/932,A/V,chr6,73194726,+,C,T,KCNQ5_A704V
GRID1,221/1009,R/W,chr10,86138884,+,G,A,GRID1_R221W
MAGI2,114/1455,L/V,chr7,79007168,+,A,C,MAGI2_L114V
TP53,109/393,F/C,chr17,7676043,+,A,C,TP53_F109C
CSMD3,3025/3707,R/C,chr8,112289440,+,G,A,CSMD3_R3025C
PIK3CA,93/1068,R/W,chr3,179199102,+,C,T,PIK3CA_R93W
KRAS,12/189,G/S,chr12,25245351,+,C,T,KRAS_G12S
TP53,143/393,V/M,chr17,7675185,+,C,T,TP53_V143M
SF3B1,862/1304,E/K,chr2,197400849,+,C,T,SF3B1_E862K
LARP4B,486/738,E/K,chr10,825093,+,C,T,LARP4B_E486K
TAF1,342/1872,R/C,chrX,71378328,+,C,T,TAF1_R342C
KRAS,117/189,K/N,chr12,25225713,+,T,G,KRAS_K117N
TP53,176/393,C/W,chr17,7675084,+,G,C,TP53_C176W
TGFBR2,528/567,R/C,chr3,30691477,+,C,T,TGFBR2_R528C
MAP2K1,124/393,P/S,chr15,66436824,+,C,T,MAP2K1_P124S
CSMD3,2168/3707,R/Q,chr8,112341626,+,C,T,CSMD3_R2168Q
PIK3CA,542/1068,E/A,chr3,179218295,+,A,C,PIK3CA_E542A
ATM,3008/3056,R/H,chr11,108365360,+,G,A,ATM_R3008H
EGFR,222/1210,R/C,chr7,55152581,+,C,T,EGFR_R222C
PBRM1,876/1689,R/C,chr3,52603674,+,G,A,PBRM1_R876C
PIK3CA,970/1068,E/K,chr3,179230348,+,G,A,PIK3CA_E970K
FAT1,1627/4588,R/Q,chr4,186621706,+,C,T,FAT1_R1627Q
APC,2307/2843,S/L,chr5,112842514,+,C,T,APC_S2307L
ABCB1,286/1280,R/I,chr7,87553903,+,C,A,ABCB1_R286I
CSMD3,334/3707,R/Q,chr8,113019096,+,C,T,CSMD3_R334Q
CAPRIN2,13/1077,E/K,chr12,30753727,+,C,T,CAPRIN2_E13K
RB1,451/928,R/C,chr13,48379612,+,C,T,RB1_R451C
NCOR1,482/2440,K/N,chr17,16137374,+,C,A,NCOR1_K482N
LZTR1,243/840,F/L,chr22,20990463,+,C,A,LZTR1_F243L
TP53,239/393,N/S,chr17,7674247,+,T,C,TP53_N239S
MYH2,1668/1941,R/W,chr17,10524639,+,G,A,MYH2_R1668W
GNAS,356/394,R/C,chr20,58910710,+,C,T,GNAS_R356C
FBXW7,658/707,R/Q,chr4,152323032,+,C,T,FBXW7_R658Q
CTCF,377/727,R/C,chr16,67620739,+,C,T,CTCF_R377C
ACVR2A,400/513,R/H,chr2,147923094,+,G,A,ACVR2A_R400H
CTNNB1,41/781,T/I,chr3,41224634,+,C,T,CTNNB1_T41I
NRAS,12/189,G/D,chr1,114716126,+,C,T,NRAS_G12D
ABCB1,1085/1280,R/W,chr7,87515260,+,G,A,ABCB1_R1085W
ARID2,285/1835,R/Q,chr12,45836822,+,G,A,ARID2_R285Q
ALK,292/1620,R/C,chr2,29694928,+,G,A,ALK_R292C
MAP3K1,306/1512,R/H,chr5,56864816,+,G,A,MAP3K1_R306H
TP53,213/393,R/L,chr17,7674893,+,C,A,TP53_R213L
BRAF,466/766,G/V,chr7,140781611,+,C,A,BRAF_G466V
GRM5,834/1212,R/C,chr11,88567183,+,G,A,GRM5_R834C
ERBB3,475/1342,R/W,chr12,56093493,+,C,T,ERBB3_R475W
TRIM23,92/574,N/I,chr5,65614189,+,T,A,TRIM23_N92I
PIK3CA,1025/1068,T/A,chr3,179234230,+,A,G,PIK3CA_T1025A
CCAR1,383/1150,R/H,chr10,68753881,+,G,A,CCAR1_R383H
SF3B1,1192/1304,V/A,chr2,197393153,+,A,G,SF3B1_V1192A
CHD4,1112/1912,F/L,chr12,6591472,+,A,G,CHD4_F1112L
DNMT3A,736/912,R/H,chr2,25240417,+,C,T,DNMT3A_R736H
PIK3R1,567/724,K/E,chr5,68295278,+,A,G,PIK3R1_K567E
KCNQ5,426/932,R/C,chr6,73133449,+,C,T,KCNQ5_R426C
CTNNB1,45/781,S/P,chr3,41224645,+,T,C,CTNNB1_S45P
ERBB3,103/1342,R/H,chr12,56085068,+,G,A,ERBB3_R103H
DCLK1,45/740,R/C,chr13,36126005,+,G,A,DCLK1_R45C
EP300,1629/2414,A/V,chr22,41176353,+,C,T,EP300_A1629V
MBOAT2,147/520,E/K,chr2,8888030,+,C,T,MBOAT2_E147K
SULT1C4,85/302,R/Q,chr2,108381846,+,G,A,SULT1C4_R85Q
SF3B1,425/1304,R/Q,chr2,197405438,+,C,T,SF3B1_R425Q
FAT1,4454/4588,E/K,chr4,186588999,+,C,T,FAT1_E4454K
PDE7B,11/450,E/K,chr6,135947473,+,G,A,PDE7B_E11K
CREBBP,1446/2442,R/H,chr16,3738616,+,C,T,CREBBP_R1446H
SMAD2,120/467,R/Q,chr18,47869404,+,C,T,SMAD2_R120Q
EP300,580/2414,R/Q,chr22,41137769,+,G,A,EP300_R580Q
TAF1,1221/1872,R/Q,chrX,71398616,+,G,A,TAF1_R1221Q
TP53,266/393,G/V,chr17,7673823,+,C,A,TP53_G266V
FAT1,3356/4588,T/M,chr4,186609802,+,G,A,FAT1_T3356M
TP53,337/393,R/L,chr17,7670699,+,C,A,TP53_R337L
TAF1,1287/1872,A/V,chrX,71401604,+,C,T,TAF1_A1287V
ARID2,179/1835,V/I,chr12,45817786,+,G,A,ARID2_V179I
TGFBR2,446/567,D/N,chr3,30674186,+,G,A,TGFBR2_D446N
TCF12,589/682,R/H,chr15,57273122,+,G,A,TCF12_R589H
KCND3,231/655,T/M,chr1,111982035,+,G,A,KCND3_T231M
NSD1,2144/2696,A/T,chr5,177292125,+,G,A,NSD1_A2144T
TP53,224/393,E/D,chr17,7674859,+,C,G,TP53_E224D
PIK3CA,545/1068,E/Q,chr3,179218303,+,G,C,PIK3CA_E545Q
CHD4,1105/1912,R/W,chr12,6591493,+,G,A,CHD4_R1105W
SMAD4,537/552,D/H,chr18,51078417,+,G,C,SMAD4_D537H
PGM5,476/567,T/M,chr9,68483996,+,C,T,PGM5_T476M
DCLK1,80/740,R/W,chr13,36125900,+,G,A,DCLK1_R80W
NRAS,12/189,G/C,chr1,114716127,+,C,A,NRAS_G12C
SMAD2,321/467,R/Q,chr18,47848510,+,C,T,SMAD2_R321Q
RAC1,159/192,A/V,chr7,6402343,+,C,T,RAC1_A159V
CSMD3,2231/3707,R/Q,chr8,112337692,+,C,T,CSMD3_R2231Q
CTNNB1,587/781,R/Q,chr3,41235800,+,G,A,CTNNB1_R587Q
EZH2,740/746,E/K,chr7,148807669,+,C,T,EZH2_E740K
TUSC3,82/348,R/Q,chr8,15623186,+,G,A,TUSC3_R82Q
OR5I1,89/314,S/L,chr11,55936135,+,G,A,OR5I1_S89L
KRT15,455/456,E/K,chr17,41514031,+,C,T,KRT15_E455K
ARHGAP35,1147/1499,R/H,chr19,46922115,+,G,A,ARHGAP35_R1147H
ARHGAP35,1317/1499,V/M,chr19,46989588,+,G,A,ARHGAP35_V1317M
MYCN,302/464,R/C,chr2,15945606,+,C,T,MYCN_R302C
KANSL1,647/1105,E/K,chr17,46050614,+,C,T,KANSL1_E647K
KCND3,438/655,S/L,chr1,111780748,+,G,A,KCND3_S438L
PRKCI,278/596,R/C,chr3,170280353,+,C,T,PRKCI_R278C
PTEN,14/403,R/M,chr10,87864510,+,G,T,PTEN_R14M
ARID2,314/1835,R/C,chr12,45836908,+,C,T,ARID2_R314C
MFGE8,170/387,D/N,chr15,88906658,+,C,T,MFGE8_D170N
SMARCA4,381/1647,R/Q,chr19,10989340,+,G,A,SMARCA4_R381Q
EP300,1627/2414,R/W,chr22,41176346,+,C,T,EP300_R1627W
PIK3CA,364/1068,G/R,chr3,179204533,+,G,A,PIK3CA_G364R
CSMD3,5/3707,R/C,chr8,113436842,+,G,A,CSMD3_R5C
TP53,130/393,L/F,chr17,7675224,+,G,A,TP53_L130F
PPP2R1A,258/589,R/H,chr19,52213076,+,G,A,PPP2R1A_R258H
TP53,215/393,S/N,chr17,7674887,+,C,T,TP53_S215N
RASA1,194/1047,R/H,chr5,87331389,+,G,A,RASA1_R194H
KMT2B,1597/2715,R/Q,chr19,35729169,+,G,A,KMT2B_R1597Q
FBXW7,479/707,R/G,chr4,152326215,+,G,C,FBXW7_R479G
PIK3CA,1047/1068,H/Q,chr3,179234298,+,T,G,PIK3CA_H1047Q
CSMD3,3551/3707,R/C,chr8,112234454,+,G,A,CSMD3_R3551C
PTPN11,512/593,R/Q,chr12,112489111,+,G,A,PTPN11_R512Q
CHD8,668/2581,F/L,chr14,21414958,+,G,T,CHD8_F668L
MYH2,1506/1941,R/Q,chr17,10525471,+,C,T,MYH2_R1506Q
GNAS,109/394,A/T,chr20,58903684,+,G,A,GNAS_A109T
PIK3CA,365/1068,E/K,chr3,179204536,+,G,A,PIK3CA_E365K
MYC,59/439,P/L,chr8,127738438,+,C,T,MYC_P59L
CSMD3,683/3707,R/C,chr8,112689976,+,G,A,CSMD3_R683C
ACVR2A,478/513,R/I,chr2,147927165,+,G,T,ACVR2A_R478I
ABCB1,404/1280,R/Q,chr7,87550481,+,C,T,ABCB1_R404Q
KMT2C,4693/4911,R/Q,chr7,152145249,+,C,T,KMT2C_R4693Q
ARID2,297/1835,S/F,chr12,45836858,+,C,T,ARID2_S297F
MAGI2,603/1455,L/R,chr7,78256182,+,A,C,MAGI2_L603R
KMT2D,5351/5537,R/L,chr12,49024578,+,C,A,KMT2D_R5351L
CHD4,1177/1912,R/H,chr12,6587885,+,C,T,CHD4_R1177H
LZTR1,248/840,G/R,chr22,20990476,+,G,A,LZTR1_G248R
CSMD3,2578/3707,G/E,chr8,112311130,+,C,T,CSMD3_G2578E
CTNNB1,33/781,S/A,chr3,41224609,+,T,G,CTNNB1_S33A
KMT2D,5432/5537,R/Q,chr12,49022633,+,C,T,KMT2D_R5432Q
TAF1,445/1872,A/V,chrX,71379008,+,C,T,TAF1_A445V
MYH2,1421/1941,E/K,chr17,10525803,+,C,T,MYH2_E1421K
SMAD4,537/552,D/E,chr18,51078419,+,C,G,SMAD4_D537E
TP53,278/393,P/R,chr17,7673787,+,G,C,TP53_P278R
NF1,1276/2839,R/Q,chr17,31235729,+,G,A,NF1_R1276Q
SETD2,1335/2564,R/C,chr3,47120633,+,G,A,SETD2_R1335C
CASP8,68/479,R/Q,chr2,201266689,+,G,A,CASP8_R68Q
TP53,151/393,P/R,chr17,7675160,+,G,C,TP53_P151R
PIK3CA,604/1068,C/R,chr3,179219634,+,T,C,PIK3CA_C604R
FBXW7,505/707,R/L,chr4,152326136,+,C,A,FBXW7_R505L
SPOP,117/374,M/V,chr17,49619237,+,T,C,SPOP_M117V
RRAS2,72/204,Q/L,chr11,14294844,+,T,A,RRAS2_Q72L
PPP2R1A,256/589,S/F,chr19,52213070,+,C,T,PPP2R1A_S256F
FBXW7,423/707,G/V,chr4,152328358,+,C,A,FBXW7_G423V
PTEN,130/403,R/G,chr10,87933147,+,C,G,PTEN_R130G
PPP2R1A,256/589,S/Y,chr19,52213070,+,C,A,PPP2R1A_S256Y
MED12,23/2177,D/Y,chrX,71118821,+,G,T,MED12_D23Y
ARHGAP35,863/1499,R/C,chr19,46921262,+,C,T,ARHGAP35_R863C
FGFR2,252/821,S/W,chr10,121520163,+,G,C,FGFR2_S252W
TP53,249/393,R/S,chr17,7674216,+,C,A,TP53_R249S
PIK3CA,115/1068,R/L,chr3,179199169,+,G,T,PIK3CA_R115L
TP53,281/393,D/N,chr17,7673779,+,C,T,TP53_D281N
TP53,158/393,R/L,chr17,7675139,+,C,A,TP53_R158L
NFE2L2,24/605,W/C,chr2,177234245,+,C,A,NFE2L2_W24C
NFE2L2,29/605,D/Y,chr2,177234232,+,C,A,NFE2L2_D29Y
NFE2L2,34/605,R/Q,chr2,177234216,+,C,T,NFE2L2_R34Q
CDKN2A,108/156,D/Y,chr9,21971037,+,C,A,CDKN2A_D108Y
HRAS,13/189,G/V,chr11,534285,+,C,A,HRAS_G13V
NFE2L2,34/605,R/G,chr2,177234217,+,G,C,NFE2L2_R34G
TP53,245/393,G/C,chr17,7674230,+,C,A,TP53_G245C
CDKN2A,53/156,M/I,chr9,21971200,+,C,G,CDKN2A_M53I
GRXCR1,191/290,R/Q,chr4,42963079,+,G,A,GRXCR1_R191Q
PTEN,129/403,G/E,chr10,87933145,+,G,A,PTEN_G129E
GRM5,128/1212,R/C,chr11,89047491,+,G,A,GRM5_R128C
TP53,334/393,G/V,chr17,7670708,+,C,A,TP53_G334V
CDKN2A,108/156,D/N,chr9,21971037,+,C,T,CDKN2A_D108N
TP53,258/393,E/K,chr17,7674191,+,C,T,TP53_E258K
KEAP1,470/624,R/C,chr19,10489771,+,G,A,KEAP1_R470C
TP53,105/393,G/C,chr17,7676056,+,C,A,TP53_G105C
TP53,248/393,R/L,chr17,7674220,+,C,A,TP53_R248L
NFE2L2,29/605,D/N,chr2,177234232,+,C,T,NFE2L2_D29N
NFE2L2,81/605,G/V,chr2,177234075,+,C,A,NFE2L2_G81V
FGFR2,659/821,K/N,chr10,121488000,+,C,G,FGFR2_K659N
TP53,242/393,C/F,chr17,7674238,+,C,A,TP53_C242F
NFE2L2,34/605,R/P,chr2,177234216,+,C,G,NFE2L2_R34P
CDKN2A,84/156,D/Y,chr9,21971109,+,C,A,CDKN2A_D84Y
TP53,280/393,R/G,chr17,7673782,+,T,C,TP53_R280G
NFE2L2,80/605,T/K,chr2,177234078,+,G,T,NFE2L2_T80K
PTEN,136/403,C/R,chr10,87933165,+,T,C,PTEN_C136R
CSMD3,1195/3707,G/W,chr8,112636949,+,C,A,CSMD3_G1195W
RHOA,47/193,E/K,chr3,49375451,+,C,T,RHOA_E47K
CDKN2A,83/156,H/Y,chr9,21971112,+,G,A,CDKN2A_H83Y
TP53,245/393,G/R,chr17,7674230,+,C,G,TP53_G245R
TP53,154/393,G/V,chr17,7675151,+,C,A,TP53_G154V
GRXCR1,91/290,G/S,chr4,42893537,+,G,A,GRXCR1_G91S
TP53,179/393,H/L,chr17,7675076,+,T,A,TP53_H179L
EGFR,861/1210,L/Q,chr7,55191831,+,T,A,EGFR_L861Q
NFE2L2,79/605,E/Q,chr2,177234082,+,C,G,NFE2L2_E79Q
FGFR2,382/821,C/R,chr10,121515260,+,A,G,FGFR2_C382R
TP53,262/393,G/V,chr17,7673835,+,C,A,TP53_G262V
NCOR1,1081/2440,P/L,chr17,16080663,+,G,A,NCOR1_P1081L
NFE2L2,30/605,L/F,chr2,177234229,+,G,A,NFE2L2_L30F
TP53,105/393,G/V,chr17,7676055,+,C,A,TP53_G105V
NFE2L2,31/605,G/A,chr2,177234225,+,C,G,NFE2L2_G31A
ZFP36L2,240/494,D/N,chr2,43225086,+,C,T,ZFP36L2_D240N
TP53,244/393,G/C,chr17,7674233,+,C,A,TP53_G244C
TP53,280/393,R/I,chr17,7673781,+,C,A,TP53_R280I
ATM,1663/3056,G/C,chr11,108297364,+,G,T,ATM_G1663C
TP53,164/393,K/E,chr17,7675122,+,T,C,TP53_K164E
PTEN,165/403,G/E,chr10,87952119,+,G,A,PTEN_G165E
FGFR2,659/821,K/E,chr10,121488002,+,T,C,FGFR2_K659E
NFE2L2,29/605,D/G,chr2,177234231,+,T,C,NFE2L2_D29G
CDKN2A,84/156,D/G,chr9,21971108,+,T,C,CDKN2A_D84G
TP53,232/393,I/T,chr17,7674268,+,A,G,TP53_I232T
CDKN2A,84/156,D/N,chr9,21971109,+,C,T,CDKN2A_D84N
TP53,278/393,P/H,chr17,7673787,+,G,T,TP53_P278H
TP53,194/393,L/H,chr17,7674950,+,A,T,TP53_L194H
GNAS,160/394,R/C,chr20,58905428,+,C,T,GNAS_R160C
PTEN,136/403,C/F,chr10,87933166,+,G,T,PTEN_C136F
TP53,331/393,Q/H,chr17,7673535,+,C,A,TP53_Q331H
KEAP1,554/624,R/Q,chr19,10489239,+,C,T,KEAP1_R554Q
PIK3CA,1004/1068,M/V,chr3,179234167,+,A,G,PIK3CA_M1004V
FGFR2,537/821,M/I,chr10,121498556,+,C,T,FGFR2_M537I
CDKN2A,114/156,P/L,chr9,21971018,+,G,A,CDKN2A_P114L
TRIM48,28/224,E/K,chr11,55264937,+,G,A,TRIM48_E28K
OR5I1,95/314,S/F,chr11,55936117,+,G,A,OR5I1_S95F
TP53,283/393,R/P,chr17,7673772,+,C,G,TP53_R283P
TRIP12,1840/1992,S/L,chr2,229771583,+,G,A,TRIP12_S1840L
BRAF,725/766,H/Y,chr7,140734725,+,G,A,BRAF_H725Y
EP300,1414/2414,Y/C,chr22,41169571,+,A,G,EP300_Y1414C
TP53,272/393,V/G,chr17,7673805,+,A,C,TP53_V272G
MYCN,373/464,R/Q,chr2,15945820,+,G,A,MYCN_R373Q
KCNQ5,280/932,S/L,chr6,73077808,+,C,T,KCNQ5_S280L
PPP6C,264/305,R/C,chr9,125149801,+,G,A,PPP6C_R264C
MYH2,347/1941,E/K,chr17,10540036,+,C,T,MYH2_E347K
TP53,106/393,S/R,chr17,7676051,+,G,C,TP53_S106R
ELF3,262/371,E/Q,chr1,202013277,+,G,C,ELF3_E262Q
TP53,152/393,P/L,chr17,7675157,+,G,A,TP53_P152L
CDK12,1008/1490,R/W,chr17,39520014,+,C,T,CDK12_R1008W
TP53,248/393,R/P,chr17,7674220,+,C,G,TP53_R248P
KEAP1,155/624,V/F,chr19,10499571,+,C,A,KEAP1_V155F
TP53,271/393,E/K,chr17,7673809,+,C,T,TP53_E271K
FAM8A1,94/413,E/Q,chr6,17600689,+,G,C,FAM8A1_E94Q
KEAP1,480/624,G/W,chr19,10489741,+,C,A,KEAP1_G480W
TP53,249/393,R/W,chr17,7674218,+,T,A,TP53_R249W
OR5I1,231/314,R/C,chr11,55935710,+,G,A,OR5I1_R231C
TP53,161/393,A/D,chr17,7675130,+,G,T,TP53_A161D
TP53,110/393,R/L,chr17,7676040,+,C,A,TP53_R110L
TP53,131/393,N/I,chr17,7675220,+,T,A,TP53_N131I
ERBB2,222/1255,G/C,chr17,39710106,+,G,T,ERBB2_G222C
KMT2C,430/4911,W/C,chr7,152263025,+,C,G,KMT2C_W430C
HRAS,13/189,G/C,chr11,534286,+,C,A,HRAS_G13C
CDKN2A,81/156,P/L,chr9,21971117,+,G,A,CDKN2A_P81L
TP53,161/393,A/S,chr17,7675131,+,C,A,TP53_A161S
EGFR,229/1210,S/C,chr7,55152602,+,A,T,EGFR_S229C
DNMT3A,882/912,R/C,chr2,25234374,+,G,A,DNMT3A_R882C
FLT3,835/993,D/Y,chr13,28018505,+,C,A,FLT3_D835Y
IDH2,140/452,R/Q,chr15,90088702,+,C,T,IDH2_R140Q
NRAS,13/189,G/D,chr1,114716123,+,C,T,NRAS_G13D
NRAS,61/189,Q/H,chr1,114713907,+,T,A,NRAS_Q61H
THRAP3,723/955,R/H,chr1,36296635,+,G,A,THRAP3_R723H
IDH1,132/414,R/L,chr2,208248388,+,C,A,IDH1_R132L
MAP2K1,57/393,K/N,chr15,66435117,+,G,T,MAP2K1_K57N
MYH2,868/1941,E/K,chr17,10531728,+,C,T,MYH2_E868K
NF1,844/2839,L/F,chr17,31229145,+,C,T,NF1_L844F
ELF3,126/371,R/Q,chr1,202012170,+,G,A,ELF3_R126Q
CSMD3,531/3707,E/K,chr8,112921669,+,C,T,CSMD3_E531K
ABCB1,696/1280,S/F,chr7,87544253,+,G,A,ABCB1_S696F
CSMD3,100/3707,R/Q,chr8,113314673,+,C,T,CSMD3_R100Q
PBRM1,1096/1689,R/C,chr3,52586526,+,G,A,PBRM1_R1096C
RAC1,29/192,P/L,chr7,6387262,+,C,T,RAC1_P29L
CSMD3,184/3707,P/S,chr8,113173881,+,G,A,CSMD3_P184S
KRAS,61/189,Q/L,chr12,25227342,+,T,A,KRAS_Q61L
KRT15,232/456,G/S,chr17,41516852,+,C,T,KRT15_G232S
TRIM48,17/224,M/I,chr11,55264906,+,G,A,TRIM48_M17I
ARID1A,1262/2285,R/C,chr1,26773414,+,C,T,ARID1A_R1262C
MYH2,1382/1941,E/K,chr17,10526642,+,C,T,MYH2_E1382K
BRAF,600/766,V/G,chr7,140753336,+,A,C,BRAF_V600G
TUSC3,334/348,R/C,chr8,15748437,+,C,T,TUSC3_R334C
CDKN2A,48/156,P/L,chr9,21974685,+,G,A,CDKN2A_P48L
MTOR,2152/2549,R/C,chr1,11126694,+,G,A,MTOR_R2152C
ABCB1,468/1280,E/K,chr7,87550003,+,C,T,ABCB1_E468K
CCAR1,549/1150,R/C,chr10,68756292,+,C,T,CCAR1_R549C
GRID1,388/1009,S/L,chr10,85854566,+,G,A,GRID1_S388L
COL4A2,1651/1712,R/C,chr13,110512003,+,C,T,COL4A2_R1651C
MYH2,878/1941,E/K,chr17,10531698,+,C,T,MYH2_E878K
MYH2,858/1941,M/I,chr17,10531756,+,C,T,MYH2_M858I
HRAS,117/189,K/N,chr11,533552,+,C,G,HRAS_K117N
KCNQ5,273/932,G/E,chr6,73077787,+,G,A,KCNQ5_G273E
CSMD3,742/3707,G/E,chr8,112685663,+,C,T,CSMD3_G742E
COL5A2,1414/1499,D/N,chr2,189035029,+,C,T,COL5A2_D1414N
FGFR2,210/821,R/Q,chr10,121538711,+,C,T,FGFR2_R210Q
CTNNB1,34/781,G/E,chr3,41224613,+,G,A,CTNNB1_G34E
CTNNB1,34/781,G/R,chr3,41224612,+,G,A,CTNNB1_G34R
FAT1,1506/4588,R/C,chr4,186628571,+,G,A,FAT1_R1506C
LUM,248/338,G/E,chr12,91108237,+,C,T,LUM_G248E
LUM,187/338,E/K,chr12,91108421,+,C,T,LUM_E187K
MYH2,1741/1941,S/F,chr17,10523838,+,G,A,MYH2_S1741F
BTBD11,699/1104,G/E,chr12,107617301,+,G,A,BTBD11_G699E
TP53,218/393,V/G,chr17,7674878,+,A,C,TP53_V218G
CSMD3,1941/3707,G/E,chr8,112390776,+,C,T,CSMD3_G1941E
COL5A2,1241/1499,D/N,chr2,189039476,+,C,T,COL5A2_D1241N
CHD4,1068/1912,R/C,chr12,6591714,+,G,A,CHD4_R1068C
CASP8,99/479,S/F,chr2,201266782,+,C,T,CASP8_S99F
JAKMIP2,338/810,D/N,chr5,147644921,+,C,T,JAKMIP2_D338N
KCNQ5,909/932,R/Q,chr6,73195341,+,G,A,KCNQ5_R909Q
MYH2,1051/1941,R/C,chr17,10529448,+,G,A,MYH2_R1051C
PTEN,38/403,P/S,chr10,87894057,+,C,T,PTEN_P38S
BRAF,467/766,S/L,chr7,140781608,+,G,A,BRAF_S467L
TBX18,206/607,S/L,chr6,84756852,+,G,A,TBX18_S206L
XYLT1,804/959,E/K,chr16,17117793,+,C,T,XYLT1_E804K
HRAS,13/189,G/D,chr11,534285,+,C,T,HRAS_G13D
HGF,199/728,E/K,chr7,81752150,+,C,T,HGF_E199K
PTPN11,468/593,T/M,chr12,112488466,+,C,T,PTPN11_T468M
MYH2,1787/1941,R/Q,chr17,10523608,+,C,T,MYH2_R1787Q
ABCB1,610/1280,G/E,chr7,87545921,+,C,T,ABCB1_G610E
NCOR1,330/2440,R/W,chr17,16146470,+,G,A,NCOR1_R330W
INTS7,940/962,R/C,chr1,211941895,+,G,A,INTS7_R940C
CSMD3,165/3707,G/R,chr8,113278613,+,C,T,CSMD3_G165R
MYF5,104/255,E/K,chr12,80717373,+,G,A,MYF5_E104K
JAKMIP2,155/810,E/K,chr5,147661112,+,C,T,JAKMIP2_E155K
TBX18,401/607,H/Y,chr6,84737308,+,G,A,TBX18_H401Y
CTNNB1,37/781,S/F,chr3,41224622,+,C,T,CTNNB1_S37F
PTEN,130/403,R/L,chr10,87933148,+,G,T,PTEN_R130L
DDX3X,285/662,E/K,chrX,41344117,+,G,A,DDX3X_E285K
MYCN,44/464,P/L,chr2,15942195,+,C,T,MYCN_P44L
BRAF,466/766,G/E,chr7,140781611,+,C,T,BRAF_G466E
MAP2K1,124/393,P/L,chr15,66436825,+,C,T,MAP2K1_P124L
CTNNB1,32/781,D/G,chr3,41224607,+,A,G,CTNNB1_D32G
GRXCR1,190/290,R/Q,chr4,42963076,+,G,A,GRXCR1_R190Q
CDKN2A,88/156,E/K,chr9,21971097,+,C,T,CDKN2A_E88K
GRXCR1,147/290,R/C,chr4,42962946,+,C,T,GRXCR1_R147C
CTCF,354/727,S/F,chr16,67616853,+,C,T,CTCF_S354F
DKK2,226/259,E/K,chr4,106924058,+,C,T,DKK2_E226K
MYF5,27/255,E/K,chr12,80717142,+,G,A,MYF5_E27K
ATM,2691/3056,R/C,chr11,108335029,+,C,T,ATM_R2691C
TP53,134/393,F/L,chr17,7675212,+,A,G,TP53_F134L
MYH2,228/1941,P/L,chr17,10543769,+,G,A,MYH2_P228L
KMT2B,1226/2715,H/Y,chr19,35725512,+,C,T,KMT2B_H1226Y
FLT3,387/993,R/Q,chr13,28048320,+,C,T,FLT3_R387Q
DCLK1,93/740,R/Q,chr13,36125860,+,C,T,DCLK1_R93Q
GATA3,407/443,S/L,chr10,8073911,+,C,T,GATA3_S407L
SMARCA4,882/1647,E/K,chr19,11021752,+,G,A,SMARCA4_E882K
IDH1,33/414,P/S,chr2,208251455,+,G,A,IDH1_P33S
NCOR1,2214/2440,R/C,chr17,16046990,+,G,A,NCOR1_R2214C
BRAF,469/766,G/R,chr7,140781603,+,C,T,BRAF_G469R
ELF3,30/371,P/S,chr1,202011224,+,C,T,ELF3_P30S
MYH2,900/1941,E/K,chr17,10530074,+,C,T,MYH2_E900K
RHOA,172/193,E/K,chr3,49360277,+,C,T,RHOA_E172K
BRAF,581/766,N/S,chr7,140753393,+,T,C,BRAF_N581S
KCNQ5,187/932,R/Q,chr6,73042006,+,G,A,KCNQ5_R187Q
PIK3CA,542/1068,E/V,chr3,179218295,+,A,T,PIK3CA_E542V
PTEN,170/403,S/N,chr10,87952134,+,G,A,PTEN_S170N
SMARCA4,920/1647,E/K,chr19,11021866,+,G,A,SMARCA4_E920K
EGFR,363/1210,T/I,chr7,55156614,+,C,T,EGFR_T363I
MS4A8,91/250,A/V,chr11,60703430,+,C,T,MS4A8_A91V
TP53,281/393,D/H,chr17,7673779,+,C,G,TP53_D281H
TP53,249/393,R/M,chr17,7674217,+,C,A,TP53_R249M
KRTAP4-11,41/195,R/H,chr17,41118194,+,C,T,KRTAP4-11_R41H
PTEN,173/403,R/H,chr10,87952143,+,G,A,PTEN_R173H
TP53,242/393,C/Y,chr17,7674238,+,C,T,TP53_C242Y
LUM,330/338,R/C,chr12,91104194,+,G,A,LUM_R330C
EGFR,304/1210,H/Y,chr7,55155850,+,C,T,EGFR_H304Y
PIK3CA,39/1068,E/K,chr3,179198940,+,G,A,PIK3CA_E39K
PTEN,36/403,G/R,chr10,87894051,+,G,A,PTEN_G36R
EGFR,289/1210,A/T,chr7,55154128,+,G,A,EGFR_A289T
EGFR,289/1210,A/D,chr7,55154129,+,C,A,EGFR_A289D
EGFR,645/1210,S/C,chr7,55172997,+,C,G,EGFR_S645C
PTEN,71/403,C/Y,chr10,87931048,+,G,A,PTEN_C71Y
CSMD3,171/3707,E/K,chr8,113278595,+,C,T,CSMD3_E171K
INTS7,106/962,R/I,chr1,212020176,+,C,A,INTS7_R106I
CDH1,598/882,R/Q,chr16,68822082,+,G,A,CDH1_R598Q
NF2,418/595,R/C,chr22,29673398,+,C,T,NF2_R418C
EP300,964/2414,S/Y,chr22,41151906,+,C,A,EP300_S964Y
PTEN,93/403,H/R,chr10,87933037,+,A,G,PTEN_H93R
ZC3H18,520/953,R/C,chr16,88622279,+,C,T,ZC3H18_R520C
ABCB1,958/1280,R/Q,chr7,87519380,+,C,T,ABCB1_R958Q
PIK3CA,38/1068,R/H,chr3,179198938,+,G,A,PIK3CA_R38H
ABCB1,489/1280,R/C,chr7,87549940,+,G,A,ABCB1_R489C
PIK3R1,573/724,L/P,chr5,68295297,+,T,C,PIK3R1_L573P
CDK12,475/1490,S/Y,chr17,39471256,+,C,A,CDK12_S475Y
DDX3X,263/662,R/H,chrX,41344052,+,G,A,DDX3X_R263H
PTEN,136/403,C/Y,chr10,87933166,+,G,A,PTEN_C136Y
MFAP5,153/173,R/C,chr12,8648156,+,G,A,MFAP5_R153C
PTEN,123/403,H/Y,chr10,87933126,+,C,T,PTEN_H123Y
TP53,254/393,I/S,chr17,7674202,+,A,C,TP53_I254S
PIK3CA,93/1068,R/Q,chr3,179199103,+,G,A,PIK3CA_R93Q
BTBD11,421/1104,R/C,chr12,107520612,+,C,T,BTBD11_R421C
ARID1B,1734/2236,D/E,chr6,157206382,+,T,G,ARID1B_D1734E
PIK3CA,545/1068,E/G,chr3,179218304,+,A,G,PIK3CA_E545G
TP53,257/393,L/Q,chr17,7674193,+,A,T,TP53_L257Q
TP53,138/393,A/V,chr17,7675199,+,G,A,TP53_A138V
TP53,195/393,I/N,chr17,7674947,+,A,T,TP53_I195N
TP53,134/393,F/V,chr17,7675212,+,A,C,TP53_F134V
ATM,23/3056,R/Q,chr11,108227692,+,G,A,ATM_R23Q
CHD8,2372/2581,N/H,chr14,21391015,+,T,G,CHD8_N2372H
TP53,125/393,T/M,chr17,7675995,+,G,A,TP53_T125M
GATA3,442/443,M/I,chr10,8074017,+,G,T,GATA3_M442I
TP53,156/393,R/P,chr17,7675145,+,C,G,TP53_R156P
MYO6,928/1285,R/H,chr6,75890181,+,G,A,MYO6_R928H
BTBD11,1003/1104,K/T,chr12,107651690,+,A,C,BTBD11_K1003T
CTNNB1,32/781,D/Y,chr3,41224606,+,G,T,CTNNB1_D32Y
ERBB3,232/1342,A/V,chr12,56087876,+,C,T,ERBB3_A232V
RPL22,113/128,R/C,chr1,6186722,+,G,A,RPL22_R113C
KCND3,94/655,V/M,chr1,111982447,+,C,T,KCND3_V94M
TP53,171/393,E/K,chr17,7675101,+,C,T,TP53_E171K
BAP1,99/729,V/M,chr3,52408038,+,C,T,BAP1_V99M
CDH1,254/882,D/Y,chr16,68810269,+,G,T,CDH1_D254Y
MYO6,1169/1285,R/H,chr6,75914129,+,G,A,MYO6_R1169H
CSMD3,2652/3707,T/M,chr8,112306123,+,G,A,CSMD3_T2652M
KMT2D,5214/5537,R/C,chr12,49026326,+,G,A,KMT2D_R5214C
ERBB2,310/1255,S/Y,chr17,39711955,+,C,A,ERBB2_S310Y
ARID1B,987/2236,A/V,chr6,157167159,+,C,T,ARID1B_A987V
CHD8,1092/2581,R/C,chr14,21405242,+,G,A,CHD8_R1092C
MTOR,2500/2549,I/M,chr1,11109318,+,A,C,MTOR_I2500M
KCNQ5,455/932,E/K,chr6,73133536,+,G,A,KCNQ5_E455K
ZNF117,185/483,R/I,chr7,64979017,+,C,A,ZNF117_R185I
ATM,2812/3056,S/Y,chr11,108345759,+,C,A,ATM_S2812Y
CAPRIN2,727/1077,R/Q,chr12,30716645,+,C,T,CAPRIN2_R727Q
ZC3H13,453/1668,R/Q,chr13,45985659,+,C,T,ZC3H13_R453Q
CREBBP,259/2442,A/T,chr16,3850320,+,C,T,CREBBP_A259T
RHOA,62/193,G/E,chr3,49368520,+,C,T,RHOA_G62E
KANSL1,1066/1105,R/H,chr17,46031597,+,C,T,KANSL1_R1066H
SMARCA4,1232/1647,G/S,chr19,11033437,+,G,A,SMARCA4_G1232S
RHOA,42/193,Y/C,chr3,49375465,+,T,C,RHOA_Y42C
KRAS,59/189,A/T,chr12,25227349,+,C,T,KRAS_A59T
TP53,151/393,P/A,chr17,7675161,+,G,C,TP53_P151A
RRAS2,70/204,A/T,chr11,14294851,+,C,T,RRAS2_A70T
CSMD3,2280/3707,E/K,chr8,112337546,+,C,T,CSMD3_E2280K
MBOAT2,170/520,R/C,chr2,8877212,+,G,A,MBOAT2_R170C
THRAP3,504/955,R/W,chr1,36289529,+,C,T,THRAP3_R504W
CHD8,1889/2581,R/H,chr14,21394129,+,C,T,CHD8_R1889H
TP53,151/393,P/T,chr17,7675161,+,G,T,TP53_P151T
TP53,273/393,R/S,chr17,7673803,+,G,T,TP53_R273S
KDM6A,1255/1401,R/W,chrX,45090749,+,C,T,KDM6A_R1255W
ERBB3,245/1342,A/V,chr12,56088022,+,C,T,ERBB3_A245V
CSMD3,1529/3707,R/H,chr8,112517204,+,C,T,CSMD3_R1529H
CTNNB1,37/781,S/C,chr3,41224622,+,C,G,CTNNB1_S37C
KMT2D,5214/5537,R/H,chr12,49026325,+,C,T,KMT2D_R5214H
CHD4,1105/1912,R/Q,chr12,6591492,+,C,T,CHD4_R1105Q
KANSL1,7/1105,A/T,chr17,46172125,+,C,T,KANSL1_A7T
FUBP1,430/644,R/C,chr1,77962826,+,G,A,FUBP1_R430C
ACVR2A,214/513,E/K,chr2,147915302,+,G,A,ACVR2A_E214K
VHL,205/213,R/C,chr3,10149936,+,C,T,VHL_R205C
SETD2,2077/2564,R/Q,chr3,47062226,+,C,T,SETD2_R2077Q
PIK3CA,350/1068,D/N,chr3,179203778,+,G,A,PIK3CA_D350N
HLA-A,243/365,R/W,chr6,29944229,+,C,T,HLA-A_R243W
TP53,285/393,E/V,chr17,7673766,+,T,A,TP53_E285V
FAT1,881/4588,R/H,chr4,186707186,+,C,T,FAT1_R881H
ERBB3,104/1342,V/L,chr12,56085070,+,G,T,ERBB3_V104L
DCLK1,18/740,A/V,chr13,36126085,+,G,A,DCLK1_A18V
CTNNB1,33/781,S/P,chr3,41224609,+,T,C,CTNNB1_S33P
BRAF,469/766,G/V,chr7,140781602,+,C,A,BRAF_G469V
XYLT1,754/959,R/H,chr16,17117942,+,C,T,XYLT1_R754H
TP53,258/393,E/D,chr17,7674189,+,T,A,TP53_E258D
EGFR,858/1210,L/R,chr7,55191822,+,T,G,EGFR_L858R
CTNNB1,34/781,G/V,chr3,41224613,+,G,T,CTNNB1_G34V
SF3B1,740/1304,G/E,chr2,197401989,+,C,T,SF3B1_G740E
BCOR,1459/1755,N/S,chrX,40062191,+,T,C,BCOR_N1459S
EGFR,752/1210,S/F,chr7,55174792,+,C,T,EGFR_S752F
STK11,242/433,G/W,chr19,1220707,+,G,T,STK11_G242W
NOTCH1,455/2555,E/K,chr9,136517830,+,C,T,NOTCH1_E455K
WT1,462/517,R/L,chr11,32392019,+,C,A,WT1_R462L
HRAS,61/189,Q/L,chr11,533874,+,T,A,HRAS_Q61L
KEAP1,271/624,V/L,chr19,10492091,+,C,A,KEAP1_V271L
ERBB3,332/1342,E/K,chr12,56088753,+,G,A,ERBB3_E332K
NFE2L2,24/605,W/R,chr2,177234247,+,A,G,NFE2L2_W24R
CSMD3,1946/3707,R/C,chr8,112390762,+,G,A,CSMD3_R1946C
CSMD3,729/3707,M/I,chr8,112685701,+,C,T,CSMD3_M729I
FAM8A1,94/413,E/K,chr6,17600689,+,G,A,FAM8A1_E94K
MYF5,93/255,R/Q,chr12,80717341,+,G,A,MYF5_R93Q
PLK2,363/685,F/L,chr5,58457012,+,G,T,PLK2_F363L
APC,2026/2843,S/Y,chr5,112841671,+,C,A,APC_S2026Y
KMT2C,56/4911,R/Q,chr7,152358670,+,C,T,KMT2C_R56Q
ATM,1408/3056,L/I,chr11,108289089,+,C,A,ATM_L1408I
KMT2B,2567/2715,R/C,chr19,35737899,+,C,T,KMT2B_R2567C
MBOAT2,43/520,R/Q,chr2,8958590,+,C,T,MBOAT2_R43Q
CTNNB1,515/781,R/Q,chr3,41234158,+,G,A,CTNNB1_R515Q
CHD4,572/1912,R/Q,chr12,6598071,+,C,T,CHD4_R572Q
SETD2,2109/2564,R/Q,chr3,47057458,+,C,T,SETD2_R2109Q
APC,136/2843,E/K,chr5,112767374,+,G,A,APC_E136K
ZNF117,157/483,R/I,chr7,64979101,+,C,A,ZNF117_R157I
GRID1,631/1009,R/H,chr10,85723108,+,C,T,GRID1_R631H
FGFR2,777/821,E/K,chr10,121479994,+,C,T,FGFR2_E777K
FGFR2,664/821,R/W,chr10,121487421,+,G,A,FGFR2_R664W
NSMCE1,244/266,D/N,chr16,27225228,+,C,T,NSMCE1_D244N
ATRX,781/2492,R/Q,chrX,77682914,+,C,T,ATRX_R781Q
UBQLN2,62/624,S/L,chrX,56564058,+,C,T,UBQLN2_S62L
PIK3CA,418/1068,E/K,chr3,179210186,+,G,A,PIK3CA_E418K
ARF4,99/180,R/I,chr3,57577350,+,C,A,ARF4_R99I
CSMD3,3127/3707,R/Q,chr8,112281302,+,C,T,CSMD3_R3127Q
KANSL1,808/1105,S/L,chr17,46038656,+,G,A,KANSL1_S808L
RUNX1,177/453,R/Q,chr21,34859476,+,C,T,RUNX1_R177Q
EP300,1514/2414,E/K,chr22,41172586,+,G,A,EP300_E1514K
HRAS,12/189,G/S,chr11,534289,+,C,T,HRAS_G12S
EP300,1164/2414,C/Y,chr22,41157398,+,G,A,EP300_C1164Y
CREBBP,1472/2442,W/C,chr16,3736794,+,C,A,CREBBP_W1472C
TGFBR2,519/567,E/K,chr3,30691450,+,G,A,TGFBR2_E519K
NFE2L2,81/605,G/C,chr2,177234076,+,C,A,NFE2L2_G81C
KANSL1,891/1105,R/L,chr17,46033455,+,C,A,KANSL1_R891L
CASP8,333/479,I/M,chr2,201285012,+,C,G,CASP8_I333M
NOTCH1,353/2555,R/C,chr9,136518633,+,G,A,NOTCH1_R353C
DDX3X,528/662,R/C,chrX,41346589,+,C,T,DDX3X_R528C
RIT1,86/219,R/L,chr1,155904483,+,C,A,RIT1_R86L
PIK3R1,353/724,G/W,chr5,68293138,+,G,T,PIK3R1_G353W
ATRX,14/2492,L/F,chrX,77717222,+,C,A,ATRX_L14F
APC,1767/2843,G/C,chr5,112840893,+,G,T,APC_G1767C
NF1,1990/2839,P/Q,chr17,31334994,+,C,A,NF1_P1990Q
TUSC3,189/348,H/N,chr8,15659645,+,C,A,TUSC3_H189N
MTOR,2158/2549,P/Q,chr1,11126675,+,G,T,MTOR_P2158Q
ARID2,1590/1835,P/Q,chr12,45852892,+,C,A,ARID2_P1590Q
TAF1,1442/1872,R/L,chrX,71408095,+,G,T,TAF1_R1442L
HGF,178/728,R/Q,chr7,81752212,+,C,T,HGF_R178Q
MEN1,428/615,W/L,chr11,64805116,+,C,A,MEN1_W428L
BCOR,1076/1755,E/K,chrX,40070985,+,C,T,BCOR_E1076K
CSMD3,3166/3707,P/H,chr8,112281185,+,G,T,CSMD3_P3166H
SETD2,1629/2564,H/Y,chr3,47103378,+,G,A,SETD2_H1629Y
PTN,68/168,E/D,chr7,137253549,+,C,A,PTN_E68D
COL4A2,123/1712,P/Q,chr13,110428474,+,C,A,COL4A2_P123Q
APC,2601/2843,S/R,chr5,112843397,+,T,A,APC_S2601R
SF3B1,902/1304,E/K,chr2,197400729,+,C,T,SF3B1_E902K
KRAS,59/189,A/G,chr12,25227348,+,G,C,KRAS_A59G
MYD88,265/309,L/P,chr3,38141150,+,T,C,MYD88_L265P
RERE,176/1566,K/N,chr1,8557518,+,C,G,RERE_K176N
CTNNB1,33/781,S/F,chr3,41224610,+,C,T,CTNNB1_S33F
TP53,139/393,K/N,chr17,7675195,+,C,G,TP53_K139N
ERBB3,91/1342,M/I,chr12,56085033,+,G,C,ERBB3_M91I
CSMD3,2370/3707,L/I,chr8,112335386,+,G,T,CSMD3_L2370I
SPOP,47/374,E/K,chr17,49622007,+,C,T,SPOP_E47K
SMARCB1,374/385,R/W,chr22,23834142,+,C,T,SMARCB1_R374W
VHL,115/213,H/N,chr3,10146516,+,C,A,VHL_H115N
VHL,74/213,V/D,chr3,10142068,+,T,A,VHL_V74D
VHL,131/213,N/K,chr3,10146566,+,C,A,VHL_N131K
VHL,111/213,S/N,chr3,10142179,+,G,A,VHL_S111N
VHL,128/213,L/H,chr3,10146556,+,T,A,VHL_L128H
MTOR,2215/2549,S/Y,chr1,11124516,+,G,T,MTOR_S2215Y
SMARCA4,1243/1647,R/W,chr19,11033470,+,C,T,SMARCA4_R1243W
MTOR,1977/2549,T/R,chr1,11128107,+,G,C,MTOR_T1977R
MTOR,1888/2549,F/L,chr1,11129788,+,G,C,MTOR_F1888L
NOTCH2,1726/2471,R/C,chr1,119922273,+,G,A,NOTCH2_R1726C
CTNNB1,37/781,S/A,chr3,41224621,+,T,G,CTNNB1_S37A
CTNNB1,32/781,D/V,chr3,41224607,+,A,T,CTNNB1_D32V
PPP2R1A,257/589,W/L,chr19,52213073,+,G,T,PPP2R1A_W257L
SMAD2,276/467,S/L,chr18,47848645,+,G,A,SMAD2_S276L
SOX17,403/414,S/I,chr8,54459958,+,G,T,SOX17_S403I
CREBBP,2094/2442,P/L,chr16,3728766,+,G,A,CREBBP_P2094L
SPOP,50/374,E/K,chr17,49621998,+,C,T,SPOP_E50K
TUSC3,170/348,R/I,chr8,15659589,+,G,T,TUSC3_R170I
JAKMIP2,283/810,R/I,chr5,147648464,+,C,A,JAKMIP2_R283I
TAF1,539/1872,R/Q,chrX,71382617,+,G,A,TAF1_R539Q
PTEN,129/403,G/V,chr10,87933145,+,G,T,PTEN_G129V
CTNNB1,32/781,D/N,chr3,41224606,+,G,A,CTNNB1_D32N
METTL14,228/456,R/Q,chr4,118700587,+,G,A,METTL14_R228Q
SPOP,121/374,R/Q,chr17,49619099,+,C,T,SPOP_R121Q
CTNNB1,45/781,S/Y,chr3,41224646,+,C,A,CTNNB1_S45Y
MAX,28/160,H/R,chr14,65093796,+,T,C,MAX_H28R
TAF1,843/1872,R/W,chrX,71388339,+,C,T,TAF1_R843W
METTL14,298/456,R/P,chr4,118705648,+,G,C,METTL14_R298P
STAG2,300/1231,A/V,chrX,124050191,+,C,T,STAG2_A300V
CTNNB1,35/781,I/S,chr3,41224616,+,T,G,CTNNB1_I35S
CTCF,378/727,P/L,chr16,67620743,+,C,T,CTCF_P378L
CSMD3,2481/3707,L/I,chr8,112314537,+,G,T,CSMD3_L2481I
TAF1,1163/1872,R/H,chrX,71397337,+,G,A,TAF1_R1163H
PTEN,165/403,G/R,chr10,87952118,+,G,A,PTEN_G165R
NOTCH1,1918/2555,A/T,chr9,136500734,+,C,T,NOTCH1_A1918T
CAPRIN2,905/1077,E/K,chr12,30710423,+,C,T,CAPRIN2_E905K
SF3B1,957/1304,R/Q,chr2,197400283,+,C,T,SF3B1_R957Q
MED12,79/2177,E/D,chrX,71119718,+,G,T,MED12_E79D
MAGI2,450/1455,L/M,chr7,78343838,+,G,T,MAGI2_L450M
TBX3,275/743,E/K,chr12,114679546,+,C,T,TBX3_E275K
PTEN,142/403,R/W,chr10,87933183,+,C,T,PTEN_R142W
CTCF,377/727,R/H,chr16,67620740,+,G,A,CTCF_R377H
PIK3CA,1044/1068,N/K,chr3,179234289,+,T,G,PIK3CA_N1044K
KMT2C,357/4911,F/L,chr7,152265151,+,G,T,KMT2C_F357L
CTNNB1,335/781,K/I,chr3,41227275,+,A,T,CTNNB1_K335I
CTNNB1,36/781,H/P,chr3,41224619,+,A,C,CTNNB1_H36P
CTNNB1,387/781,N/K,chr3,41233420,+,T,G,CTNNB1_N387K
ALK,452/1620,G/W,chr2,29328410,+,C,A,ALK_G452W
KMT2C,3665/4911,G/A,chr7,152162583,+,C,G,KMT2C_G3665A
FAT1,2413/4588,K/N,chr4,186619347,+,T,A,FAT1_K2413N
ARID1B,1411/2236,P/Q,chr6,157200865,+,C,A,ARID1B_P1411Q
PIK3R1,56/724,L/V,chr5,68226841,+,T,G,PIK3R1_L56V
PTPN11,409/593,G/W,chr12,112486475,+,G,T,PTPN11_G409W
CTNNB1,391/781,A/S,chr3,41233430,+,G,T,CTNNB1_A391S
APC,1696/2843,S/N,chr5,112840681,+,G,A,APC_S1696N
MYH2,337/1941,S/R,chr17,10540064,+,A,T,MYH2_S337R
NCOR1,1801/2440,G/V,chr17,16061880,+,C,A,NCOR1_G1801V
PBRM1,1487/1689,M/I,chr3,52554872,+,C,A,PBRM1_M1487I
BRAF,600/766,V/M,chr7,140753337,+,C,T,BRAF_V600M
