patient_id	driver_mutation	value	PHBR-I_score	PHBR-II_score	Biopsy pre or post ipi	age	sex	tumor_type	Full name	Corresponding TCGA study	age_categorical_3070	mutation_id	VAF_percentile_rank	VAF
ICGC_DO231227	M_NRAS_Q61R	1		20.11611030478955		38.0	female	THCA	Thyroid Carcinoma	THCA (Thyroid carcinoma)	younger	M_NRAS_Q61R	6.7510548523206735	0.5476190476190477
ICGC_DO231231	M_BRAF_V600E	1	1.5378459686159478	34.348872917605966		49.0	female	THCA	Thyroid Carcinoma	THCA (Thyroid carcinoma)	younger	M_BRAF_V600E	18.699186991869922	0.52
ICGC_DO231241	M_BRAF_V600E	1		48.383458646616546		46.0	female	THCA	Thyroid Carcinoma	THCA (Thyroid carcinoma)	younger	M_BRAF_V600E	13.25301204819277	0.4782608695652174
ICGC_DO231244	M_BRAF_V600E	1	2.46217775565034			45.0	female	THCA	Thyroid Carcinoma	THCA (Thyroid carcinoma)	younger	M_BRAF_V600E	9.090909090909092	0.3
ICGC_DO231254	M_BRAF_V600E	1	5.432755830346229	42.03750296479911		39.0	male	THCA	Thyroid Carcinoma	THCA (Thyroid carcinoma)	younger	M_BRAF_V600E	12.727272727272727	0.4615384615384616
ICGC_DO231262	M_BRAF_V600E	1	12.58996477051602	34.06058617976809		44.0	female	THCA	Thyroid Carcinoma	THCA (Thyroid carcinoma)	younger	M_BRAF_V600E	25.26315789473684	0.35294117647058826
ICGC_DO231273	M_BRAF_V600E	1	4.3743922539162	42.527372484566094		46.0	female	THCA	Thyroid Carcinoma	THCA (Thyroid carcinoma)	younger	M_BRAF_V600E	52.459016393442624	0.2777777777777778
ICGC_DO231277	M_NRAS_Q61R	1		51.20329322355921		32.0	female	THCA	Thyroid Carcinoma	THCA (Thyroid carcinoma)	younger	M_NRAS_Q61R	34.73053892215569	0.3661971830985916
ICGC_DO231279	M_BRAF_V600E	1	12.078500901001716	36.9909500760893		64.0	female	THCA	Thyroid Carcinoma	THCA (Thyroid carcinoma)	middle	M_BRAF_V600E	4.651162790697675	0.42857142857142855
ICGC_DO231285	M_BRAF_V600E	1	5.916358198431853	44.559329635945204		20.0	female	THCA	Thyroid Carcinoma	THCA (Thyroid carcinoma)	younger	M_BRAF_V600E	74.56140350877193	0.35
ICGC_DO231298	M_NRAS_Q61R	1	4.3380657454312095	34.64729318022029		62.0	female	THCA	Thyroid Carcinoma	THCA (Thyroid carcinoma)	middle	M_NRAS_Q61R	18.831168831168828	0.3728813559322034
ICGC_DO231299	M_NRAS_Q61R	1	0.2954943660307252	36.47276671367206		51.0	female	THCA	Thyroid Carcinoma	THCA (Thyroid carcinoma)	younger	M_NRAS_Q61R	17.452830188679247	0.3333333333333333
ICGC_DO231301	M_NRAS_Q61R	1	1.1961524730544872	18.837051625609398		40.0	female	THCA	Thyroid Carcinoma	THCA (Thyroid carcinoma)	younger	M_NRAS_Q61R	28.57142857142857	0.4
ICGC_DO231304	M_BRAF_V600E	1	2.2859142354993502	34.924617382913645		51.0	male	THCA	Thyroid Carcinoma	THCA (Thyroid carcinoma)	younger	M_BRAF_V600E	14.655172413793109	0.42105263157894735
ICGC_DO231307	M_BRAF_V600E	1	5.343800853751756	37.245684814965735		57.0	male	THCA	Thyroid Carcinoma	THCA (Thyroid carcinoma)	middle	M_BRAF_V600E	96.1038961038961	0.2777777777777778
ICGC_DO231308	M_NRAS_Q61R	1		36.00556433082371		22.0	female	THCA	Thyroid Carcinoma	THCA (Thyroid carcinoma)	younger	M_NRAS_Q61R	5.699481865284972	0.4148936170212766
ICGC_DO231317	M_BRAF_V600E	1	5.839072250395143	38.78524160796399		58.0	female	THCA	Thyroid Carcinoma	THCA (Thyroid carcinoma)	middle	M_BRAF_V600E	13.333333333333336	0.39130434782608703
ICGC_DO231322	M_BRAF_V600E	1		47.00511322132945		22.0	female	THCA	Thyroid Carcinoma	THCA (Thyroid carcinoma)	younger	M_BRAF_V600E	29.78723404255319	0.5128205128205128
ICGC_DO231325	M_BRAF_V600E	1	1.9141413384626147	47.186067827681036		52.0	female	THCA	Thyroid Carcinoma	THCA (Thyroid carcinoma)	younger	M_BRAF_V600E	2.061855670103093	0.5
ICGC_DO231329	M_BRAF_V600E	1		49.445664105378704		63.0	female	THCA	Thyroid Carcinoma	THCA (Thyroid carcinoma)	middle	M_BRAF_V600E	44.728434504792325	0.2
ICGC_DO231334	M_BRAF_V600E	1	4.6138483761427524	34.93012728026052		38.0	female	THCA	Thyroid Carcinoma	THCA (Thyroid carcinoma)	younger	M_BRAF_V600E	72.22222222222223	0.18181818181818185
ICGC_DO231335	M_BRAF_V600E	1	7.721375596978067	41.30865990506089		14.0	female	THCA	Thyroid Carcinoma	THCA (Thyroid carcinoma)	younger	M_BRAF_V600E	15.0	0.4773662551440329
ICGC_DO231338	M_BRAF_V600E	1	3.2759403106802583			27.0	female	THCA	Thyroid Carcinoma	THCA (Thyroid carcinoma)	younger	M_BRAF_V600E	8.183632734530939	0.4230769230769231
ICGC_DO231339	M_BRAF_V600E	1	3.1016785898776345			37.0	female	THCA	Thyroid Carcinoma	THCA (Thyroid carcinoma)	younger	M_BRAF_V600E	0.0	0.6666666666666666
ICGC_DO231344	M_NRAS_Q61R	1	2.7248518306949405	37.456335681553796		52.0	female	THCA	Thyroid Carcinoma	THCA (Thyroid carcinoma)	younger	M_NRAS_Q61R	19.254658385093173	0.5263157894736842
ICGC_DO231346	M_BRAF_V600E	1	1.7791940735030982	38.358347856825034		42.0	male	THCA	Thyroid Carcinoma	THCA (Thyroid carcinoma)	younger	M_BRAF_V600E	17.6	0.3433179723502304
ICGC_DO231353	M_NRAS_Q61R	1	5.712409341727363			83.0	female	THCA	Thyroid Carcinoma	THCA (Thyroid carcinoma)	older	M_NRAS_Q61R	10.344827586206897	0.4838709677419355
ICGC_DO231354	M_HRAS_Q61R	1	1.0257309397539602	26.81014560312117		65.0	female	THCA	Thyroid Carcinoma	THCA (Thyroid carcinoma)	middle	M_HRAS_Q61R	44.72049689440993	0.3355263157894737
ICGC_DO231356	M_BRAF_V600E	1	2.0852362238440123	40.08153875155747		29.0	female	THCA	Thyroid Carcinoma	THCA (Thyroid carcinoma)	younger	M_BRAF_V600E	26.241134751773053	0.2972972972972973
ICGC_DO231357	M_BRAF_V600E	1	1.8489343823415918	38.24651053949426		47.0	male	THCA	Thyroid Carcinoma	THCA (Thyroid carcinoma)	younger	M_BRAF_V600E	33.77483443708609	0.3333333333333333
ICGC_DO231361	M_BRAF_V600E	1	1.7638666421455245	38.73701719127347		24.0	female	THCA	Thyroid Carcinoma	THCA (Thyroid carcinoma)	younger	M_BRAF_V600E	0.0	0.4090909090909091
ICGC_DO231363	M_GRXCR1_R19Q	1	1.3412852650115998	7.310086048945672		68.0	female	THCA	Thyroid Carcinoma	THCA (Thyroid carcinoma)	older	M_GRXCR1_R19Q	74.35897435897436	0.15625
ICGC_DO231370	M_BRAF_V600E	1	1.2161967087018983	38.59378180873691		31.0	female	THCA	Thyroid Carcinoma	THCA (Thyroid carcinoma)	younger	M_BRAF_V600E	81.6793893129771	0.10138248847926268
ICGC_DO231371	M_BRAF_V600E	1	7.657140879596063	36.8691090565981		44.0	female	THCA	Thyroid Carcinoma	THCA (Thyroid carcinoma)	younger	M_BRAF_V600E	69.86301369863014	0.24
ICGC_DO231375	M_BRAF_V600E	1	3.4689907262650386	55.139371456934605		40.0	male	THCA	Thyroid Carcinoma	THCA (Thyroid carcinoma)	younger	M_BRAF_V600E	13.66906474820144	0.3666666666666665
ICGC_DO231380	M_BRAF_V600E	1	4.704861363867414	35.44635787166543		32.0	male	THCA	Thyroid Carcinoma	THCA (Thyroid carcinoma)	younger	M_BRAF_V600E	42.028985507246375	0.24
ICGC_DO231381	M_BRAF_V600E	1	3.729134889201348			59.0	female	THCA	Thyroid Carcinoma	THCA (Thyroid carcinoma)	middle	M_BRAF_V600E	47.50830564784053	0.3416666666666667
ICGC_DO231384	M_BRAF_V600E	1	1.8555239012293028	44.498122600663116		65.0	male	THCA	Thyroid Carcinoma	THCA (Thyroid carcinoma)	middle	M_BRAF_V600E	38.06818181818182	0.25
ICGC_DO231387	M_BRAF_V600E	1	3.7445519974554484	39.47209145931404		29.0	male	THCA	Thyroid Carcinoma	THCA (Thyroid carcinoma)	younger	M_BRAF_V600E	23.14814814814815	0.2631578947368421
ICGC_DO231390	M_BRAF_V600E	1	1.7901558507294708	43.84126934202669		43.0	male	THCA	Thyroid Carcinoma	THCA (Thyroid carcinoma)	younger	M_BRAF_V600E	18.75	0.3157894736842105
ICGC_DO231396	M_BRAF_V600E	1		37.8105799705359		33.0	female	THCA	Thyroid Carcinoma	THCA (Thyroid carcinoma)	younger	M_BRAF_V600E	37.5	0.2978723404255319
ICGC_DO231397	M_KRAS_G12D	1	1.0625455843416316	25.917651787918405		51.0	female	THCA	Thyroid Carcinoma	THCA (Thyroid carcinoma)	younger	M_KRAS_G12D	1.834862385321101	0.3333333333333333
ICGC_DO231401	M_BRAF_V600E	1		40.39185194618906		23.0	female	THCA	Thyroid Carcinoma	THCA (Thyroid carcinoma)	younger	M_BRAF_V600E	40.1015228426396	0.2312925170068028
ICGC_DO231406	M_BRAF_V600E	1	5.372838911423483	38.045019890786		33.0	female	THCA	Thyroid Carcinoma	THCA (Thyroid carcinoma)	younger	M_BRAF_V600E	51.44694533762058	0.2460732984293193
ICGC_DO231409	M_BRAF_V600E	1	3.749350305937616	35.87477454264364		22.0	female	THCA	Thyroid Carcinoma	THCA (Thyroid carcinoma)	younger	M_BRAF_V600E	38.679245283018865	0.375
ICGC_DO231410	M_NRAS_Q61R	1	2.769771691694237	32.028629916359506		27.0	female	THCA	Thyroid Carcinoma	THCA (Thyroid carcinoma)	younger	M_NRAS_Q61R	25.409836065573767	0.38235294117647056
ICGC_DO231413	M_BRAF_V600E	1	3.0803369218582586	40.109168349218116		42.0	female	THCA	Thyroid Carcinoma	THCA (Thyroid carcinoma)	younger	M_BRAF_V600E	70.58823529411767	0.1875
ICGC_DO231416	M_BRAF_V600E	1	1.4104063058895075	43.466351508715285		35.0	male	THCA	Thyroid Carcinoma	THCA (Thyroid carcinoma)	younger	M_BRAF_V600E	51.92307692307693	0.3333333333333333
ICGC_DO231419	M_BRAF_V600E	1	4.3419668338018464	34.230444718858784		48.0	female	THCA	Thyroid Carcinoma	THCA (Thyroid carcinoma)	younger	M_BRAF_V600E	30.43478260869565	0.36
ICGC_DO231422	M_BRAF_V600E	1	5.418624293607844	36.670397883382506		81.0	female	THCA	Thyroid Carcinoma	THCA (Thyroid carcinoma)	older	M_BRAF_V600E	11.627906976744184	0.4545454545454545
ICGC_DO231426	M_BRAF_V600E	1	1.4776687205171903	41.27249590983458		61.0	female	THCA	Thyroid Carcinoma	THCA (Thyroid carcinoma)	middle	M_BRAF_V600E	7.6923076923076925	0.25
ICGC_DO231428	M_BRAF_V600E	1	2.3095319945542205	48.858270866498		49.0	female	THCA	Thyroid Carcinoma	THCA (Thyroid carcinoma)	younger	M_BRAF_V600E	1.5748031496062993	0.4375
ICGC_DO231431	M_BRAF_V600E	1	3.2785058645909517	43.05212166827847		25.0	female	THCA	Thyroid Carcinoma	THCA (Thyroid carcinoma)	younger	M_BRAF_V600E	92.85714285714286	0.21739130434782608
ICGC_DO231432	M_BRAF_V600E	1	2.0694737575149693	36.88838591518085		45.0	female	THCA	Thyroid Carcinoma	THCA (Thyroid carcinoma)	younger	M_BRAF_V600E	29.72972972972973	0.38461538461538464
ICGC_DO231435	M_BRAF_V600E	1	3.623911958175684	39.35333348006953		47.0	female	THCA	Thyroid Carcinoma	THCA (Thyroid carcinoma)	younger	M_BRAF_V600E	50.0	0.2631578947368421
ICGC_DO231438	M_NRAS_Q61R	1	4.011401467471125	27.79765194108818		38.0	female	THCA	Thyroid Carcinoma	THCA (Thyroid carcinoma)	younger	M_NRAS_Q61R	56.34920634920636	0.27586206896551724
ICGC_DO231440	M_BRAF_V600E	1	11.078425486163557			71.0	female	THCA	Thyroid Carcinoma	THCA (Thyroid carcinoma)	older	M_BRAF_V600E	8.552631578947368	0.6153846153846154
ICGC_DO231447	M_NRAS_Q61R	1	2.231689535300033	31.0565596722109		75.0	female	THCA	Thyroid Carcinoma	THCA (Thyroid carcinoma)	older	M_NRAS_Q61R	58.860759493670884	0.1951219512195122
ICGC_DO231456	M_NRAS_Q61R	1		37.81400590851685		46.0	male	THCA	Thyroid Carcinoma	THCA (Thyroid carcinoma)	younger	M_NRAS_Q61R	40.86021505376344	0.3076923076923077
ICGC_DO231458	M_NRAS_Q61R	1	1.735180803510851	30.580398483630876		56.0	female	THCA	Thyroid Carcinoma	THCA (Thyroid carcinoma)	middle	M_NRAS_Q61R	62.048192771084345	0.3333333333333333
ICGC_DO231461	M_BRAF_V600E	1	1.5695002943970948			50.0	female	THCA	Thyroid Carcinoma	THCA (Thyroid carcinoma)	younger	M_BRAF_V600E	35.2059925093633	0.2916666666666667
ICGC_DO231464	M_BRAF_V600E	1	3.1469583907130896			50.0	male	THCA	Thyroid Carcinoma	THCA (Thyroid carcinoma)	younger	M_BRAF_V600E	19.822485207100588	0.5
ICGC_DO231467	M_CDKN2A_D108N	1	0.4831078805687333	7.9609060366088515		70.0	male	THCA	Thyroid Carcinoma	THCA (Thyroid carcinoma)	older	M_CDKN2A_D108N	64.77272727272727	0.1276595744680851
ICGC_DO231470	M_BRAF_V600E	1		40.819907010928226		51.0	female	THCA	Thyroid Carcinoma	THCA (Thyroid carcinoma)	younger	M_BRAF_V600E	50.9278350515464	0.2222222222222222
ICGC_DO231472	M_TP53_K132R	1	0.5352650749407855	19.131740788867642		70.0	female	THCA	Thyroid Carcinoma	THCA (Thyroid carcinoma)	older	M_TP53_K132R	96.14512471655328	0.08771929824561403
ICGC_DO231478	M_PIK3CA_Q546R	1		49.71909624786646		72.0	male	THCA	Thyroid Carcinoma	THCA (Thyroid carcinoma)	older	M_PIK3CA_Q546R	82.23234624145786	0.2352941176470588
ICGC_DO231481	M_HRAS_Q61R	1	1.8268552726501224	27.325215325215325		62.0	female	THCA	Thyroid Carcinoma	THCA (Thyroid carcinoma)	middle	M_HRAS_Q61R	14.519427402862986	0.4375
ICGC_DO231487	M_NRAS_Q61R	1	2.138974445062784	31.450079239302696		52.0	male	THCA	Thyroid Carcinoma	THCA (Thyroid carcinoma)	younger	M_NRAS_Q61R	52.83018867924528	0.38461538461538464
ICGC_DO231495	M_NRAS_Q61R	1	6.1309201888232	31.412404106372037		68.0	female	THCA	Thyroid Carcinoma	THCA (Thyroid carcinoma)	older	M_NRAS_Q61R	1.0928961748633879	0.7272727272727273
ICGC_DO231498	M_BRAF_V600E	1	1.9006946477296247	48.77025261102013		64.0	female	THCA	Thyroid Carcinoma	THCA (Thyroid carcinoma)	middle	M_BRAF_V600E	23.931623931623932	0.3461538461538461
ICGC_DO71689	M_BRAF_V600E	1		45.033594752633284		44.0	female	THCA	Thyroid Carcinoma	THCA (Thyroid carcinoma)	younger	M_BRAF_V600E	18.274111675126907	0.2619047619047619
ICGC_DO71752	M_BRAF_V600E	1		34.359988854834214		35.0	male	THCA	Thyroid Carcinoma	THCA (Thyroid carcinoma)	younger	M_BRAF_V600E	51.5267175572519	0.14634146341463414
SRP067938_SRR3083840	M_GRXCR1_R147C	1	4.61323270613602	20.23024863343948		55.0	male	Melanoma	Melanoma	SKCM (Skin Cutaneous Melanoma)	middle	M_GRXCR1_R147C	44.3254817987152	0.3416149068322981
SRP067938_SRR3083842	M_MAP2K1_P124S	1	0.7400197723341206	9.68051731865036		58.0	male	Melanoma	Melanoma	SKCM (Skin Cutaneous Melanoma)	middle	M_MAP2K1_P124S	6.293706293706293	0.6875
SRP067938_SRR3083844	M_TP53_E286K	1	2.8989386840720592	92.33456855479088		71.0	male	Melanoma	Melanoma	SKCM (Skin Cutaneous Melanoma)	older	M_TP53_E286K	22.05746061167748	0.1949152542372881
SRP067938_SRR3083846	M_NRAS_G13D	1	1.4728157478373267	21.793465512476367		70.0	male	Melanoma	Melanoma	SKCM (Skin Cutaneous Melanoma)	older	M_NRAS_G13D	12.451361867704279	0.4173913043478261
SRP067938_SRR3083848	M_PPP6C_R264C	1	10.486360194601163	6.6702864123795305		45.0	male	Melanoma	Melanoma	SKCM (Skin Cutaneous Melanoma)	younger	M_PPP6C_R264C	11.97411003236246	0.6837606837606838
SRP067938_SRR3083856	M_BRAF_V600E	1	4.730381654680111	38.24651053949426		53.0	female	Melanoma	Melanoma	SKCM (Skin Cutaneous Melanoma)	middle	M_BRAF_V600E	9.345794392523365	0.3933333333333333
SRP067938_SRR3083858	M_BRAF_V600E	1	4.310434357388252	36.96140630660885		61.0	male	Melanoma	Melanoma	SKCM (Skin Cutaneous Melanoma)	middle	M_BRAF_V600E	64.1025641025641	0.3555555555555556
SRP067938_SRR3083860	M_BRAF_V600E	1	6.598562259420322	40.81399173638138		64.0	male	Melanoma	Melanoma	SKCM (Skin Cutaneous Melanoma)	middle	M_BRAF_V600E	7.407407407407407	0.5804597701149425
SRP067938_SRR3083864	M_BRAF_V600E	1	3.77348649187157	36.40551598727079		51.0	male	Melanoma	Melanoma	SKCM (Skin Cutaneous Melanoma)	younger	M_BRAF_V600E	77.29468599033817	0.4041450777202073
SRP067938_SRR3083867	M_NRAS_Q61L	1	0.15740040449460407	30.2149807624119		66.0	female	Melanoma	Melanoma	SKCM (Skin Cutaneous Melanoma)	middle	M_NRAS_Q61L	11.477411477411476	0.3237410071942446
SRP067938_SRR3083869	M_TP53_P278L	1	11.147069989907964	42.107801905129925		27.0	female	Melanoma	Melanoma	SKCM (Skin Cutaneous Melanoma)	younger	M_TP53_P278L	3.2258064516129035	0.5875
SRP067938_SRR3083871	M_HRAS_Q61L	1	1.7867463745316816	28.80808165751989		55.0	female	Melanoma	Melanoma	SKCM (Skin Cutaneous Melanoma)	middle	M_HRAS_Q61L	0.0	0.8923076923076924
SRP067938_SRR3083873	M_NRAS_Q61R	1	1.6315533172764274	21.584458859835447		63.0	female	Melanoma	Melanoma	SKCM (Skin Cutaneous Melanoma)	middle	M_NRAS_Q61R	1.845018450184502	0.2786885245901639
SRP067938_SRR3083879	M_BRAF_V600E	1	2.503773212669396	38.24651053949426		55.0	male	Melanoma	Melanoma	SKCM (Skin Cutaneous Melanoma)	middle	M_BRAF_V600E	1.4705882352941178	0.3172043010752688
SRP067938_SRR3083883	M_BRAF_V600E	1	8.996127571957551	34.87646027372303		59.0	male	Melanoma	Melanoma	SKCM (Skin Cutaneous Melanoma)	middle	M_BRAF_V600E	0.0	0.7682242990654206
SRP090294_SRR4289714	M_PPP6C_R264C	1	9.429142173127	8.463989602824775		69.0	male	Melanoma	Melanoma	SKCM (Skin Cutaneous Melanoma)	older	M_PPP6C_R264C	1.6149068322981366	0.74
SRP090294_SRR4289718	M_BRAF_V600E	1	1.0911564564951688	40.20432501896336		37.0	male	Melanoma	Melanoma	SKCM (Skin Cutaneous Melanoma)	younger	M_BRAF_V600E	11.583011583011588	0.5678391959798995
SRP090294_SRR4289720	M_TP53_F134L	1	1.8750285556033988	21.810125903383387		19.0	male	Melanoma	Melanoma	SKCM (Skin Cutaneous Melanoma)	younger	M_TP53_F134L	49.51830443159922	0.16666666666666666
SRP090294_SRR4289727	M_RAC1_P29S	1	1.1193167301350095	5.1070885726129625		80.0	female	Melanoma	Melanoma	SKCM (Skin Cutaneous Melanoma)	older	M_RAC1_P29S	3.2200357781753133	0.26627218934911245
SRP090294_SRR4289729	M_BRAF_V600E	1	1.5549381577356152	34.38283218134257		47.0	male	Melanoma	Melanoma	SKCM (Skin Cutaneous Melanoma)	younger	M_BRAF_V600E	2.356902356902357	0.5188679245283019
SRP090294_SRR4289731	M_BRAF_V600E	1	1.8263577160704083	35.24909632664674		47.0	male	Melanoma	Melanoma	SKCM (Skin Cutaneous Melanoma)	younger	M_BRAF_V600E	62.93436293436294	0.3588235294117647
SRP090294_SRR4289733	M_NRAS_Q61R	1	3.100586303830144	38.94448897961208		80.0	female	Melanoma	Melanoma	SKCM (Skin Cutaneous Melanoma)	older	M_NRAS_Q61R	0.6033182503770739	0.38495575221238937
SRP090294_SRR4289735	M_NRAS_Q61K	1	1.8049106950791152	31.340684149864373		42.0	male	Melanoma	Melanoma	SKCM (Skin Cutaneous Melanoma)	younger	M_NRAS_Q61K	1.1235955056179776	0.8391608391608392
SRP090294_SRR4289737	M_BRAF_V600E	1	1.695305280237798	36.16040744375041		65.0	female	Melanoma	Melanoma	SKCM (Skin Cutaneous Melanoma)	middle	M_BRAF_V600E	0.0	0.8756302521008403
SRP090294_SRR4289741	M_HRAS_Q61K	1	3.9475368210241326	27.20029093486982		70.0	female	Melanoma	Melanoma	SKCM (Skin Cutaneous Melanoma)	older	M_HRAS_Q61K	5.4249547920433985	0.4297994269340974
SRP090294_SRR4289743	M_BRAF_V600E	1	8.658038945781831	32.34977930071152		57.0	female	Melanoma	Melanoma	SKCM (Skin Cutaneous Melanoma)	middle	M_BRAF_V600E	0.0	0.2158273381294964
phs000452.v2.p1.c1_13456	M_BRAF_V600E	1		31.583268542994862		78.0	female	Melanoma	Melanoma	SKCM (Skin Cutaneous Melanoma)	older	M_BRAF_V600E	76.15230460921843	0.27
phs000452.v2.p1.c1_13468	M_BRAF_V600E	1	5.736296026202623	36.8097138994153		33.0	male	Melanoma	Melanoma	SKCM (Skin Cutaneous Melanoma)	younger	M_BRAF_V600E	84.69241773962804	0.32
phs000452.v2.p1.c1_13537	M_BRAF_V600E	1		41.772046798339424		49.0	male	Melanoma	Melanoma	SKCM (Skin Cutaneous Melanoma)	younger	M_BRAF_V600E	31.31782945736434	0.394737
phs000452.v2.p1.c1_13549	M_BRAF_V600E	1		39.3834515135289		67.0	male	Melanoma	Melanoma	SKCM (Skin Cutaneous Melanoma)	middle	M_BRAF_V600E	92.04771371769384	0.148148
phs000452.v2.p1.c1_13561	M_BRAF_V600E	1		41.24574152456787		46.0	female	Melanoma	Melanoma	SKCM (Skin Cutaneous Melanoma)	younger	M_BRAF_V600E	1.6910935738444195	0.892857
phs000452.v2.p1.c1_13567	M_BRAF_V600E	1		41.2591610161772		49.0	female	Melanoma	Melanoma	SKCM (Skin Cutaneous Melanoma)	younger	M_BRAF_V600E	8.049702863317126	0.571429
phs000452.v2.p1.c1_13575	M_NRAS_Q61K	1	0.31476468793326395	25.12316572365448		63.0	male	Melanoma	Melanoma	SKCM (Skin Cutaneous Melanoma)	middle	M_NRAS_Q61K	24.987963408762642	0.423729
phs000452.v2.p1.c1_13591	M_BRAF_V600E	1	4.122596330234753			28.0	female	Melanoma	Melanoma	SKCM (Skin Cutaneous Melanoma)	younger	M_BRAF_V600E	35.418671799807505	0.478632
phs000452.v2.p1.c1_13600	M_BRAF_V600E	1	5.419024963003733	42.440087846949375		62.0	female	Melanoma	Melanoma	SKCM (Skin Cutaneous Melanoma)	middle	M_BRAF_V600E	38.1948986265533	0.329787
phs000452.v2.p1.c1_JWCI-WGS-11	M_TP53_R248W	1	0.3569840899915649			22.0	male	Melanoma	Melanoma	SKCM (Skin Cutaneous Melanoma)	younger	M_TP53_R248W	19.10994764397906	0.625
phs000452.v2.p1.c1_JWCI-WGS-12	M_BRAF_V600E	1	1.1351773310035869	40.815947623002884		46.0	female	Melanoma	Melanoma	SKCM (Skin Cutaneous Melanoma)	younger	M_BRAF_V600E	1.409846899438264	0.840708
phs000452.v2.p1.c1_JWCI-WGS-13	M_KCNQ5_G273E	1		1.4415238966907875		48.0	male	Melanoma	Melanoma	SKCM (Skin Cutaneous Melanoma)	younger	M_KCNQ5_G273E	2.324431256181998	1.0
phs000452.v2.p1.c1_JWCI-WGS-14	M_FBXW7_R505C	1	7.2345587305902574			62.0	male	Melanoma	Melanoma	SKCM (Skin Cutaneous Melanoma)	middle	M_FBXW7_R505C	15.521280749707145	0.6346149999999999
phs000452.v2.p1.c1_JWCI-WGS-15	M_PIK3CA_V344G	1	3.499498980273206	16.656132285589486		19.0	female	Melanoma	Melanoma	SKCM (Skin Cutaneous Melanoma)	younger	M_PIK3CA_V344G	6.140350877192982	1.0
phs000452.v2.p1.c1_JWCI-WGS-19	M_TP53_R282W	1	7.746130160498048	70.78883050004175		41.0	male	Melanoma	Melanoma	SKCM (Skin Cutaneous Melanoma)	younger	M_TP53_R282W	8.267090620031796	1.0
phs000452.v2.p1.c1_JWCI-WGS-2	M_BRAF_V600E	1		31.992929383530626		23.0	male	Melanoma	Melanoma	SKCM (Skin Cutaneous Melanoma)	younger	M_BRAF_V600E	0.0	1.0
phs000452.v2.p1.c1_JWCI-WGS-21	M_TP53_R282W	1		65.19674605219569		30.0	male	Melanoma	Melanoma	SKCM (Skin Cutaneous Melanoma)	younger	M_TP53_R282W	18.83876357560568	0.673913
phs000452.v2.p1.c1_JWCI-WGS-23	M_BRAF_V600E	1	5.693506632555048	42.165520869891694		46.0	male	Melanoma	Melanoma	SKCM (Skin Cutaneous Melanoma)	younger	M_BRAF_V600E	28.27102803738318	0.55303
phs000452.v2.p1.c1_JWCI-WGS-24	M_BRAF_V600E	1		37.09054965371767		50.0	female	Melanoma	Melanoma	SKCM (Skin Cutaneous Melanoma)	younger	M_BRAF_V600E	11.205432937181664	0.647059
phs000452.v2.p1.c1_JWCI-WGS-25	M_GRID1_S388L	1	0.7553417421366909			43.0	male	Melanoma	Melanoma	SKCM (Skin Cutaneous Melanoma)	younger	M_GRID1_S388L	56.797734088637114	0.45098
phs000452.v2.p1.c1_JWCI-WGS-27	M_CDKN2A_E88K	1	1.4709962564746302	10.197914222952079		49.0	male	Melanoma	Melanoma	SKCM (Skin Cutaneous Melanoma)	younger	M_CDKN2A_E88K	0.6342494714587738	1.0
phs000452.v2.p1.c1_JWCI-WGS-29	M_NRAS_Q61R	1	2.2865608302969767	28.55522304678973		35.0	female	Melanoma	Melanoma	SKCM (Skin Cutaneous Melanoma)	younger	M_NRAS_Q61R	59.71534653465346	0.444444
phs000452.v2.p1.c1_JWCI-WGS-3	M_KCNQ5_G273E	1	2.311787639703005	0.5092762227891594		46.0	male	Melanoma	Melanoma	SKCM (Skin Cutaneous Melanoma)	younger	M_KCNQ5_G273E	9.104938271604937	1.0
phs000452.v2.p1.c1_JWCI-WGS-32	M_BRAF_V600E	1	7.366993107520702	34.001071684562866		41.0	male	Melanoma	Melanoma	SKCM (Skin Cutaneous Melanoma)	younger	M_BRAF_V600E	36.53663177925785	0.605634
phs000452.v2.p1.c1_JWCI-WGS-35	M_BRAF_V600E	1	1.7361597919985108			28.0	male	Melanoma	Melanoma	SKCM (Skin Cutaneous Melanoma)	younger	M_BRAF_V600E	27.77129521586931	0.8737860000000001
phs000452.v2.p1.c1_JWCI-WGS-36	M_BRAF_V600E	1		35.307530387896925		51.0	female	Melanoma	Melanoma	SKCM (Skin Cutaneous Melanoma)	younger	M_BRAF_V600E	27.97047970479705	0.618644
phs000452.v2.p1.c1_JWCI-WGS-37	M_BRAF_V600E	1	1.4180206135154534	35.90103994406544		44.0	female	Melanoma	Melanoma	SKCM (Skin Cutaneous Melanoma)	younger	M_BRAF_V600E	46.325878594249204	0.465116
phs000452.v2.p1.c1_JWCI-WGS-38	M_BRAF_V600E	1		36.61458558476788		41.0	male	Melanoma	Melanoma	SKCM (Skin Cutaneous Melanoma)	younger	M_BRAF_V600E	5.37261698440208	0.992366
phs000452.v2.p1.c1_JWCI-WGS-39	M_TP53_S127F	1	0.4364505930021858			35.0	female	Melanoma	Melanoma	SKCM (Skin Cutaneous Melanoma)	younger	M_TP53_S127F	4.8046875	1.0
phs000452.v2.p1.c1_JWCI-WGS-4	M_BRAF_V600E	1	5.20856902356401			36.0	male	Melanoma	Melanoma	SKCM (Skin Cutaneous Melanoma)	younger	M_BRAF_V600E	17.928730512249444	0.981132
phs000452.v2.p1.c1_JWCI-WGS-43	M_NRAS_Q61R	1	3.2421599752355776	23.47080841315063		48.0	male	Melanoma	Melanoma	SKCM (Skin Cutaneous Melanoma)	younger	M_NRAS_Q61R	44.40104166666666	0.491329
phs000452.v2.p1.c1_JWCI-WGS-5	M_BRAF_V600E	1		41.57322286033946		37.0	female	Melanoma	Melanoma	SKCM (Skin Cutaneous Melanoma)	younger	M_BRAF_V600E	67.79422128259337	0.368
phs000452.v2.p1.c1_JWCI-WGS-6	M_FAT1_R1506C	1		18.430034129692835		54.0	male	Melanoma	Melanoma	SKCM (Skin Cutaneous Melanoma)	middle	M_FAT1_R1506C	66.25596184419715	0.421053
phs000452.v2.p1.c1_JWCI-WGS-7	M_PTEN_P38S	1		5.470485096434834		69.0	male	Melanoma	Melanoma	SKCM (Skin Cutaneous Melanoma)	older	M_PTEN_P38S	3.333333333333333	1.0
phs000452.v2.p1.c1_JWCI-WGS-8	M_BRAF_V600E	1	4.680639428505991			49.0	male	Melanoma	Melanoma	SKCM (Skin Cutaneous Melanoma)	younger	M_BRAF_V600E	34.35054773082942	0.60241
phs000980.v1.p1.c1_AL4602	M_KRAS_G12S	1	0.2932234995730713	16.804236113978664	pre	59.0	male	NSCLC	Non-small cell lung cancer	LUAD (Lung adenocarcinoma), LUSC (Lung squamous cell carcinoma)	middle	M_KRAS_G12S	21.95704057279236	0.125
phs000980.v1.p1.c1_KA3947	M_NCOR1_K482N	1	1.7457797929250864	8.104360652399523	pre	64.0	female	NSCLC	Non-small cell lung cancer	LUAD (Lung adenocarcinoma), LUSC (Lung squamous cell carcinoma)	middle	M_NCOR1_K482N	5.159958720330239	0.6
phs000980.v1.p1.c1_LO5004	M_KRAS_G12C	1	5.5946261018874495	19.654784536623907	pre	56.0	female	NSCLC	Non-small cell lung cancer	LUAD (Lung adenocarcinoma), LUSC (Lung squamous cell carcinoma)	middle	M_KRAS_G12C	21.98952879581152	0.21600000000000005
phs000980.v1.p1.c1_SC0899	M_TP53_V173L	1	5.825186548288988	32.60378534153749	pre	64.0	female	NSCLC	Non-small cell lung cancer	LUAD (Lung adenocarcinoma), LUSC (Lung squamous cell carcinoma)	middle	M_TP53_V173L	18.137254901960784	0.259
phs000980.v1.p1.c1_SC6470	M_KRAS_G12V	1	5.334180213177602	30.675929711433398	pre	59.0	male	NSCLC	Non-small cell lung cancer	LUAD (Lung adenocarcinoma), LUSC (Lung squamous cell carcinoma)	middle	M_KRAS_G12V	2.157164869029276	0.4
phs000980.v1.p1.c1_TU0428	M_CTNNB1_S37A	1	2.9940333828346213	33.59556137584397	pre	66.0	male	NSCLC	Non-small cell lung cancer	LUAD (Lung adenocarcinoma), LUSC (Lung squamous cell carcinoma)	middle	M_CTNNB1_S37A	0.8983890954151177	0.614
phs001041.v1.p1.c1_CR04885	M_TP53_R248W	1	0.8362750552837942	4.353096122922246	pre	49.0	female	Melanoma	Melanoma	SKCM (Skin Cutaneous Melanoma)	younger	M_TP53_R248W	7.054132801717527	0.583
phs001041.v1.p1.c1_CR3665	M_NRAS_Q61K	1	3.2748356181399902	45.47024338459085	pre	70.0	male	Melanoma	Melanoma	SKCM (Skin Cutaneous Melanoma)	older	M_NRAS_Q61K	51.564625850340136	0.21899999999999997
phs001041.v1.p1.c1_CR6126	M_NRAS_Q61K	1	2.1443125385959543		pre	66.0	female	Melanoma	Melanoma	SKCM (Skin Cutaneous Melanoma)	middle	M_NRAS_Q61K	32.016632016632016	0.256
phs001041.v1.p1.c1_CR6161	M_NRAS_Q61L	1	1.863242207429364	45.75124198792223	pre	81.0	male	Melanoma	Melanoma	SKCM (Skin Cutaneous Melanoma)	older	M_NRAS_Q61L	12.395093608779858	0.37799999999999995
phs001041.v1.p1.c1_CR9306	M_KRAS_G13D	1	2.7549633279105	14.568172054922275	pre	65.0	male	Melanoma	Melanoma	SKCM (Skin Cutaneous Melanoma)	middle	M_KRAS_G13D	75.346295590291	0.29
phs001041.v1.p1.c1_LSD0167	M_CSMD3_R1946C	1	4.746454881490765	47.38033098352979	pre	33.0	male	Melanoma	Melanoma	SKCM (Skin Cutaneous Melanoma)	younger	M_CSMD3_R1946C	23.770491803278688	0.214
phs001041.v1.p1.c1_LSD3484	M_SF3B1_R625C	1	4.868403458544363	11.520132772250815	pre	74.0	male	Melanoma	Melanoma	SKCM (Skin Cutaneous Melanoma)	older	M_SF3B1_R625C	87.2495446265938	0.185
phs001041.v1.p1.c1_LSD4744	M_TP53_P278S	1	30.342448083357038	45.042328346169604	pre	52.0	male	Melanoma	Melanoma	SKCM (Skin Cutaneous Melanoma)	younger	M_TP53_P278S	0.729765590446705	0.9420000000000001
phs001041.v1.p1.c1_LSDNR1120	M_TP53_S215N	1	0.2090236025362846	15.937811617249892	pre	68.0	male	Melanoma	Melanoma	SKCM (Skin Cutaneous Melanoma)	older	M_TP53_S215N	7.825679475164011	0.266
phs001041.v1.p1.c1_NR1867	M_CDKN2A_H83Y	1	2.050723197010255	22.50463986526451	pre	68.0	male	Melanoma	Melanoma	SKCM (Skin Cutaneous Melanoma)	older	M_CDKN2A_H83Y	53.556485355648526	0.16899999999999998
phs001041.v1.p1.c1_NR3549	M_NRAS_Q61K	1	2.673264330199101	37.732846088604546	pre	50.0	male	Melanoma	Melanoma	SKCM (Skin Cutaneous Melanoma)	younger	M_NRAS_Q61K	41.145281018027575	0.371
phs001041.v1.p1.c1_NR4083	M_NRAS_Q61K	1	0.169429698673823	22.90054104064844	pre	54.0	male	Melanoma	Melanoma	SKCM (Skin Cutaneous Melanoma)	middle	M_NRAS_Q61K	3.7006237006237006	0.332
phs001041.v1.p1.c1_NR5784	M_NRAS_Q61R	1	2.394836703963405	42.81172784194892	pre	58.0	female	Melanoma	Melanoma	SKCM (Skin Cutaneous Melanoma)	middle	M_NRAS_Q61R	44.748858447488594	0.096
phs001041.v1.p1.c1_NR9341	M_NRAS_Q61R	1	2.384158234330087	37.28383675351626	pre	77.0	male	Melanoma	Melanoma	SKCM (Skin Cutaneous Melanoma)	older	M_NRAS_Q61R	51.2450378924576	0.038
phs001041.v1.p1.c1_NR9445	M_TP53_P278L	1	7.964869326862364	39.85316401664709	pre	50.0	male	Melanoma	Melanoma	SKCM (Skin Cutaneous Melanoma)	younger	M_TP53_P278L	9.719789842381788	0.7190000000000001
phs001041.v1.p1.c1_PR12117	M_PPP6C_R264C	1	13.507656698258257	11.768223992790285	pre	66.0	male	Melanoma	Melanoma	SKCM (Skin Cutaneous Melanoma)	middle	M_PPP6C_R264C	37.390748241313155	0.281
phs001041.v1.p1.c1_PR4091	M_CTNNB1_S45F	1	4.1505584495261605	41.064548477331506	pre	65.0	female	Melanoma	Melanoma	SKCM (Skin Cutaneous Melanoma)	middle	M_CTNNB1_S45F	62.90706910246227	0.316
phs001041.v1.p1.c1_SD1494	M_RAC1_P29S	1	0.16766953990111924		pre	70.0	male	Melanoma	Melanoma	SKCM (Skin Cutaneous Melanoma)	older	M_RAC1_P29S	48.04167470576886	0.467
phs001041.v1.p1.c1_SD2051	M_TP53_R248W	1	1.2139744736925315	13.066116374124565	pre	61.0	female	Melanoma	Melanoma	SKCM (Skin Cutaneous Melanoma)	middle	M_TP53_R248W	31.400966183574877	0.375
phs001041.v1.p1.c1_SD2056	M_NRAS_Q61K	1	3.571841894085467	27.41793745153787	pre	39.0	female	Melanoma	Melanoma	SKCM (Skin Cutaneous Melanoma)	younger	M_NRAS_Q61K	76.4359351988218	0.155
phs001425.v1.p1.c1_12	M_ABCB1_R404Q	1	0.452158889573464		pre	70.0	male	Melanoma	Melanoma	SKCM (Skin Cutaneous Melanoma)	older	M_ABCB1_R404Q	54.553264604811	0.348
phs001425.v1.p1.c1_18	M_NRAS_G12D	1	1.1044611671997415	19.07609903115184	pre	66.0	female	Melanoma	Melanoma	SKCM (Skin Cutaneous Melanoma)	middle	M_NRAS_G12D	4.864864864864865	0.524
phs001425.v1.p1.c1_20	M_CSMD3_R683C	1	2.4664016864690965	6.434324975793457	pre	59.0	male	Melanoma	Melanoma	SKCM (Skin Cutaneous Melanoma)	middle	M_CSMD3_R683C	67.83082668820026	0.281
phs001425.v1.p1.c1_21	M_NRAS_Q61L	1	1.6123947740806392	5.9096444015666485	pre	63.0	male	Melanoma	Melanoma	SKCM (Skin Cutaneous Melanoma)	middle	M_NRAS_Q61L	0.18102824040550325	0.818
phs001425.v1.p1.c1_22	M_TP53_C238Y	1	0.5032942792027022		pre	50.0	female	Melanoma	Melanoma	SKCM (Skin Cutaneous Melanoma)	younger	M_TP53_C238Y	0.9370816599732262	0.8140000000000001
phs001425.v1.p1.c1_24	M_NRAS_G12D	1	1.2705515107627627		pre	50.0	male	Melanoma	Melanoma	SKCM (Skin Cutaneous Melanoma)	younger	M_NRAS_G12D	19.07238838318162	0.355
phs001425.v1.p1.c1_25	M_CSMD3_D285N	1	1.6638933157664135	2.278734036646308	pre	46.0	female	Melanoma	Melanoma	SKCM (Skin Cutaneous Melanoma)	younger	M_CSMD3_D285N	8.439587128111718	0.41700000000000004
phs001425.v1.p1.c1_28	M_NRAS_Q61R	1	2.7368819933149915	40.59403338152188	pre	55.0	male	Melanoma	Melanoma	SKCM (Skin Cutaneous Melanoma)	middle	M_NRAS_Q61R	31.408875484704872	0.354
phs001425.v1.p1.c1_29	M_MAP2K1_E203K	1	0.597536527776152		pre	34.0	male	Melanoma	Melanoma	SKCM (Skin Cutaneous Melanoma)	younger	M_MAP2K1_E203K	32.16957605985037	0.29
phs001425.v1.p1.c1_3	M_NRAS_G13R	1	2.168049640154638		pre	60.0	female	Melanoma	Melanoma	SKCM (Skin Cutaneous Melanoma)	middle	M_NRAS_G13R	5.694082620022329	0.625
phs001425.v1.p1.c1_31	M_NRAS_Q61R	1	1.5263547201378105		pre	71.0	female	Melanoma	Melanoma	SKCM (Skin Cutaneous Melanoma)	older	M_NRAS_Q61R	25.696316262354003	0.267
phs001425.v1.p1.c1_33	M_NRAS_Q61L	1	1.4370684302907342	38.18903566245142	pre	61.0	female	Melanoma	Melanoma	SKCM (Skin Cutaneous Melanoma)	middle	M_NRAS_Q61L	17.305585980284775	0.09
phs001425.v1.p1.c1_34	M_TP53_R248W	1	0.6246126158684328		pre	69.0	male	Melanoma	Melanoma	SKCM (Skin Cutaneous Melanoma)	older	M_TP53_R248W	2.444054862328555	0.635
phs001425.v1.p1.c1_47	M_XYLT1_R754C	1	3.8652400393700153	24.80503820918437	pre	72.0	male	Melanoma	Melanoma	SKCM (Skin Cutaneous Melanoma)	older	M_XYLT1_R754C	29.30940728656879	0.22399999999999998
phs001425.v1.p1.c1_5	M_TP53_H179N	1	16.617602260558364	73.53608175957379	pre	47.0	female	Melanoma	Melanoma	SKCM (Skin Cutaneous Melanoma)	younger	M_TP53_H179N	15.84423305588585	0.24100000000000002
phs001425.v1.p1.c1_50	M_ARID2_S297F	1	0.4377862262515129	4.921798533847352	pre	68.0	male	Melanoma	Melanoma	SKCM (Skin Cutaneous Melanoma)	older	M_ARID2_S297F	12.514392630972946	0.602
phs001425.v1.p1.c1_53	M_NRAS_Q61R	1	1.8012957713527142		pre	54.0	male	Melanoma	Melanoma	SKCM (Skin Cutaneous Melanoma)	middle	M_NRAS_Q61R	11.486486486486484	0.69
phs001425.v1.p1.c1_54	M_TP53_P278L	1	12.666032507883074	42.72850694257246	pre	28.0	male	Melanoma	Melanoma	SKCM (Skin Cutaneous Melanoma)	younger	M_TP53_P278L	12.56637168141593	0.833
phs001469.v1.p1.c1_DM009	M_TP53_G266R	1	1.1713517433855072	18.304302622021567	pre	79.0	female	Melanoma	Melanoma	SKCM (Skin Cutaneous Melanoma)	older	M_TP53_G266R	18.8823176480672	0.25
phs001469.v1.p1.c1_DM014	M_KCNQ5_G273E	1	0.9439929504154614	1.859437607326846	pre	66.0	male	Melanoma	Melanoma	SKCM (Skin Cutaneous Melanoma)	middle	M_KCNQ5_G273E	66.98816308636563	0.06
phs001469.v1.p1.c1_DM019	M_TP53_H179Y	1	0.4608454732192042	51.431084702566224	pre	59.0	male	Melanoma	Melanoma	SKCM (Skin Cutaneous Melanoma)	middle	M_TP53_H179Y	9.360301034807147	0.467
phs001469.v1.p1.c1_DM020	M_CSMD3_E171K	1	2.7789814122036547	29.73612444785865	pre	85.0	male	Melanoma	Melanoma	SKCM (Skin Cutaneous Melanoma)	older	M_CSMD3_E171K	86.34609199099388	0.040999999999999995
phs001469.v1.p1.c1_DM021	M_NRAS_Q61R	1	1.4578593968362368	22.419105840461373	pre	33.0	female	Melanoma	Melanoma	SKCM (Skin Cutaneous Melanoma)	younger	M_NRAS_Q61R	11.360273192942516	0.396
phs001469.v1.p1.c1_DM022	M_CDKN2A_P114L	1	0.22914730263681365	1.2511622771477895	pre	60.0	male	Melanoma	Melanoma	SKCM (Skin Cutaneous Melanoma)	middle	M_CDKN2A_P114L	21.70234986945169	0.095
phs001493.v1.p1.c1_15349_CCPM_0600855	M_VHL_S111N	1	0.5136423552026735	7.112920608310382		67.0	male	RCC	Renal Cell Cancer	KIRC (Kidney renal clear cell carcinoma), KIRP (Kidney renal papillary cell carcinoma)	middle	M_VHL_S111N	45.80152671755725	0.066
phs001493.v1.p1.c1_PD_013	M_PIK3CA_E545K	1	2.1214512324991635	36.908208190621636		66.0	male	RCC	Renal Cell Cancer	KIRC (Kidney renal clear cell carcinoma), KIRP (Kidney renal papillary cell carcinoma)	middle	M_PIK3CA_E545K	81.06796116504856	0.055999999999999994
phs001493.v1.p1.c1_PD_024	M_VHL_N131K	1	0.767037612836787	14.737865387981913		52.0	male	RCC	Renal Cell Cancer	KIRC (Kidney renal clear cell carcinoma), KIRP (Kidney renal papillary cell carcinoma)	younger	M_VHL_N131K	48.95652173913044	0.129
phs001493.v1.p1.c1_RCC.PD1.DNA.1101	M_VHL_S111N	1	1.5092728466609795	25.78364803274114		67.0	male	RCC	Renal Cell Cancer	KIRC (Kidney renal clear cell carcinoma), KIRP (Kidney renal papillary cell carcinoma)	middle	M_VHL_S111N	32.87671232876713	0.174
phs001493.v1.p1.c2_RCC_117	M_TGFBR2_R528H	1	8.746449240031348	17.002143037923847		58.0	male	RCC	Renal Cell Cancer	KIRC (Kidney renal clear cell carcinoma), KIRP (Kidney renal papillary cell carcinoma)	middle	M_TGFBR2_R528H	18.818380743982488	0.20600000000000002
phs001493.v1.p1.c2_RCC_18	M_SF3B1_K700E	1	2.9019092847582346			68.0	male	RCC	Renal Cell Cancer	KIRC (Kidney renal clear cell carcinoma), KIRP (Kidney renal papillary cell carcinoma)	older	M_SF3B1_K700E	57.446808510638284	0.08800000000000001
phs001493.v1.p1.c2_RCC_62	M_VHL_V74D	1	4.4766929698256535	16.79033185319353		48.0	female	RCC	Renal Cell Cancer	KIRC (Kidney renal clear cell carcinoma), KIRP (Kidney renal papillary cell carcinoma)	younger	M_VHL_V74D	17.746478873239433	0.303
phs001493.v1.p1.c2_RCC_97	M_PIK3CA_E542K	1	1.053553981603932	39.66676557498322		54.0	male	RCC	Renal Cell Cancer	KIRC (Kidney renal clear cell carcinoma), KIRP (Kidney renal papillary cell carcinoma)	middle	M_PIK3CA_E542K	76.06382978723406	0.087
phs001493.v1.p1.c2_RCC_99	M_TP53_S127F	1	0.021723501563656933	8.909432210490634		50.0	male	RCC	Renal Cell Cancer	KIRC (Kidney renal clear cell carcinoma), KIRP (Kidney renal papillary cell carcinoma)	younger	M_TP53_S127F	18.099547511312217	0.387
phs001565.v1.p1.c1_BLADDER-15330_CCPM_0700629	M_TP53_I195T	1		35.579560606767345		69.0	male	Bladder	Bladder 	BLCA (Bladder Urothelial Carcinoma)	older	M_TP53_I195T	8.558558558558559	0.18526315789473685
phs001565.v1.p1.c1_BLADDER-15330_CCPM_0700691	M_TP53_R273C	1	3.6481415911033257	45.69174866615282		57.0	male	Bladder	Bladder 	BLCA (Bladder Urothelial Carcinoma)	middle	M_TP53_R273C	2.8571428571428568	0.4709677419354839
phs001565.v1.p1.c1_BLADDER-15330_CCPM_0700692	M_TP53_R273H	1	0.9612930524023292			68.0	male	Bladder	Bladder 	BLCA (Bladder Urothelial Carcinoma)	older	M_TP53_R273H	60.04566210045662	0.16920731707317074
phs001565.v1.p1.c1_BLADDER-15330_CCPM_0700694	M_TP53_E285K	1	10.951548292961226			60.0	male	Bladder	Bladder 	BLCA (Bladder Urothelial Carcinoma)	middle	M_TP53_E285K	11.926605504587155	0.2755905511811024
phs001565.v1.p1.c1_BLCA-001	M_PIK3CA_E600K	1	1.3671455447447864	56.540520852303764			male	Bladder	Bladder 	BLCA (Bladder Urothelial Carcinoma)		M_PIK3CA_E600K	70.35175879396985	0.21621621621621626
phs001565.v1.p1.c1_BLCA-002	M_FBXW7_R479Q	1	0.3394718383520834				male	Bladder	Bladder 	BLCA (Bladder Urothelial Carcinoma)		M_FBXW7_R479Q	35.6401384083045	0.09782608695652174
phs001565.v1.p1.c1_BLCA-006	M_KRAS_G12D	1	1.4212630688009238	17.829232995658465			male	Bladder	Bladder 	BLCA (Bladder Urothelial Carcinoma)		M_KRAS_G12D	0.0	0.6075949367088608
phs001565.v1.p1.c1_BLCA-010	M_TP53_K132N	1	0.35382839228087104	13.517289967717344			male	Bladder	Bladder 	BLCA (Bladder Urothelial Carcinoma)		M_TP53_K132N	16.393442622950822	0.30701754385964913
phs001565.v1.p1.c1_BLCA-012	M_TP53_P152L	1	0.2294642788000939	14.049025044588662			male	Bladder	Bladder 	BLCA (Bladder Urothelial Carcinoma)		M_TP53_P152L	27.31512325116589	0.2882882882882883
phs001565.v1.p1.c1_DFCI_MM_2	M_NRAS_Q61L	1	0.16852796472772824				female	Melanoma	Melanoma	SKCM (Skin Cutaneous Melanoma)		M_NRAS_Q61L	64.16573348264278	0.37301587301587297
phs001565.v1.p1.c1_HNSCC-258	M_PIK3CA_E545K	1	0.5158366656701502				male	HNSCC	Head and Neck squamous cell carcinoma	HNSC (Head and Neck squamous cell carcinoma)		M_PIK3CA_E545K	0.3484320557491289	0.3771929824561404
phs001565.v1.p1.c1_HNSCC-287	M_TP53_G244C	1	11.127982777740906	28.92528429832825			male	HNSCC	Head and Neck squamous cell carcinoma	HNSC (Head and Neck squamous cell carcinoma)		M_TP53_G244C	1.263157894736842	0.6666666666666666
phs001565.v1.p1.c1_HNSCC-305	M_EP300_Y1414C	1	2.0242720341250218	11.302899574685075			male	HNSCC	Head and Neck squamous cell carcinoma	HNSC (Head and Neck squamous cell carcinoma)		M_EP300_Y1414C	24.52830188679245	0.15639810426540285
phs001565.v1.p1.c1_HNSCC-323	M_PIK3CA_H1047R	1	1.0789146873449509				male	HNSCC	Head and Neck squamous cell carcinoma	HNSC (Head and Neck squamous cell carcinoma)		M_PIK3CA_H1047R	24.422442244224424	0.2727272727272727
phs001565.v1.p1.c1_LUNG-2630	M_NFE2L2_G31A	1	0.7635130406102971	27.291128364440326			male	Lung	Lung	LUAD (Lung adenocarcinoma), LUSC (Lung squamous cell carcinoma)		M_NFE2L2_G31A	1.3386880856760377	0.4626865671641791
phs001572.v1.p1_P001	M_NFE2L2_E79Q	1	0.351806124682962	3.6362708838158397		68.0	male	Urothelial Cancer	Urothelial Cancer	BLCA (Bladder Urothelial Carcinoma)	older	M_NFE2L2_E79Q	1.5706806282722514	0.585
phs001572.v1.p1_P002	M_CTNNB1_S37F	1	0.03344312081044178	13.677725626853952		73.0	male	Urothelial Cancer	Urothelial Cancer	BLCA (Bladder Urothelial Carcinoma)	older	M_CTNNB1_S37F	34.78260869565217	0.08900000000000001
phs001572.v1.p1_P003	M_TP53_A159P	1	0.06506312565348599	15.930667364950445		72.0	male	Urothelial Cancer	Urothelial Cancer	BLCA (Bladder Urothelial Carcinoma)	older	M_TP53_A159P	17.558528428093645	0.15
phs001572.v1.p1_P004	M_TP53_K132N	1	0.3398546645645331	13.517289967717344		67.0	male	Urothelial Cancer	Urothelial Cancer	BLCA (Bladder Urothelial Carcinoma)	middle	M_TP53_K132N	1.3477088948787062	0.426
phs001572.v1.p1_P005	M_PIK3CA_H1047R	1	0.8941093799546317	16.101118133203695		76.0	female	Urothelial Cancer	Urothelial Cancer	BLCA (Bladder Urothelial Carcinoma)	older	M_PIK3CA_H1047R	1.075268817204301	0.293
phs001572.v1.p1_P006	M_TP53_R282W	1	15.63816618069195	71.90781049935981		36.0	female	TN-BRCA	Triple negative breast cancer	BRCA (Breast invasive carcinoma)	younger	M_TP53_R282W	12.295081967213116	0.241
phs001572.v1.p1_P008	ID_TP53_177_18	1	23.337659656728693	44.705860030927155		54.0	female	Gastric Cancer	Gastric Cancer	STAD (Stomach adenocarcinoma)	middle	ID_TP53_177_18	4.226227470478558	0.294
phs001572.v1.p1_P009	M_PIK3CA_H1047R	1	1.9963874807015285	22.815263016152677		62.0	male	Gastric Cancer	Gastric Cancer	STAD (Stomach adenocarcinoma)	middle	M_PIK3CA_H1047R	45.08196721311475	0.064
phs001572.v1.p1_P010	M_PIK3CA_E545K	1	2.5332459982188555	41.43783007641545		61.0	male	Urothelial Cancer	Urothelial Cancer	BLCA (Bladder Urothelial Carcinoma)	middle	M_PIK3CA_E545K	9.25925925925926	0.28800000000000003
phs001572.v1.p1_P011	M_TP53_R249M	1	0.09470247375028018	9.29864189953359		70.0	female	Urothelial Cancer	Urothelial Cancer	BLCA (Bladder Urothelial Carcinoma)	older	M_TP53_R249M	4.761904761904762	0.5
phs001572.v1.p1_P012	M_TP53_R337C	1	0.8859955160422706	15.151938469567945		44.0	male	Urothelial Cancer	Urothelial Cancer	BLCA (Bladder Urothelial Carcinoma)	younger	M_TP53_R337C	4.4585987261146505	0.71
phs001572.v1.p1_P014	M_ERBB2_S310F	1	1.412963600712898	19.633474868721105		76.0	male	Urothelial Cancer	Urothelial Cancer	BLCA (Bladder Urothelial Carcinoma)	older	M_ERBB2_S310F	6.8148148148148175	0.423
phs001572.v1.p1_P015	M_RHOA_E40Q	1	0.8886325996290472	2.5802085008317794		70.0	male	Urothelial Cancer	Urothelial Cancer	BLCA (Bladder Urothelial Carcinoma)	older	M_RHOA_E40Q	91.73333333333332	0.101
phs001572.v1.p1_P023	M_NRAS_Q61K	1	1.2223811843406942	36.51136363636363		63.0	female	TN-BRCA	Triple negative breast cancer	BRCA (Breast invasive carcinoma)	middle	M_NRAS_Q61K	18.95424836601308	0.315
phs001572.v1.p1_P025	M_TP53_E286K	1	9.29805587557049	85.84619522180219		40.0	male	Gastric Cancer	Gastric Cancer	STAD (Stomach adenocarcinoma)	younger	M_TP53_E286K	22.93577981651376	0.077
phs001572.v1.p1_P026	M_TP53_E286K	1	1.3593093602566726	95.0		65.0	female	Urothelial Cancer	Urothelial Cancer	BLCA (Bladder Urothelial Carcinoma)	middle	M_TP53_E286K	20.5761316872428	0.313
phs001572.v1.p1_P027	M_TP53_M246I	1	1.0846873056396542	20.059096665259602		78.0	male	Urothelial Cancer	Urothelial Cancer	BLCA (Bladder Urothelial Carcinoma)	older	M_TP53_M246I	1.1494252873563218	0.5
phs001572.v1.p1_P028	M_TP53_P151T	1	2.4562789113472268	19.64734486842243		60.0	male	Urothelial Cancer	Urothelial Cancer	BLCA (Bladder Urothelial Carcinoma)	middle	M_TP53_P151T	2.1333333333333333	0.621
phs001572.v1.p1_P032	M_TP53_R273C	1	15.629835423123419	48.37942082518442		72.0	female	TN-BRCA	Triple negative breast cancer	BRCA (Breast invasive carcinoma)	older	M_TP53_R273C	7.394366197183099	0.383
phs001572.v1.p1_P039	M_TP53_R175H	1	7.672869037583385	51.41365916387911		72.0	male	Gastric Cancer	Gastric Cancer	STAD (Stomach adenocarcinoma)	older	M_TP53_R175H	15.315315315315313	0.063
phs001572.v1.p1_P046	M_PIK3CA_E542K	1	0.5748158866491755	33.3020002824845		56.0	male	Anal Canal Squamous Cell Carcinoma	Anal Canal Squamous Cell Carcinoma	READ (Rectum adenocarcinoma)	middle	M_PIK3CA_E542K	78.73134328358209	0.087
phs001572.v1.p1_P047	M_TP53_R273H	1	2.9288719659483697	36.46269946728121		71.0	male	PRAD	Prostate	PRAD (Prostate adenocarcinoma)	older	M_TP53_R273H	12.621359223300967	0.238
phs001572.v1.p1_P048	M_PIK3CA_E542K	1	1.2485103800443451			47.0	female	Anal Canal Squamous Cell Carcinoma	Anal Canal Squamous Cell Carcinoma	READ (Rectum adenocarcinoma)	younger	M_PIK3CA_E542K	0.3690036900369004	0.703
phs001572.v1.p1_P050	M_PIK3CA_E545K	1	4.030652519630406	40.16012810248198		42.0	female	ERP-HERN-BRCA	ER positive, Her2 negative breast	BRCA (Breast invasive carcinoma)	younger	M_PIK3CA_E545K	3.96039603960396	0.693
phs001572.v1.p1_P051	M_SPOP_F133C	1	5.110709516815394	13.838432090149512		65.0	male	PRAD	Prostate	PRAD (Prostate adenocarcinoma)	middle	M_SPOP_F133C	37.349397590361455	0.436
phs001572.v1.p1_P052	M_TP53_R248W	1	1.3927143374986328			50.0	female	Leiomyosarcoma	Leiomyosarcoma	SARC (Sarcoma)	younger	M_TP53_R248W	0.0	0.882
phs001572.v1.p1_P053	M_PIK3CA_E542K	1	3.0907011447742696	38.63629140492925		63.0	female	Anal Canal Squamous Cell Carcinoma	Anal Canal Squamous Cell Carcinoma	READ (Rectum adenocarcinoma)	middle	M_PIK3CA_E542K	45.9417110623629	0.1
phs001572.v1.p1_P059	M_KRAS_G12S	1	2.2997943405035715	5.063025258048535		54.0	female	Colon or Rectal Adenocarcinoma	Colon or Rectal Adenocarcinoma	COAD (Colon adenocarcinoma), READ (Rectum adenocarcinoma)	middle	M_KRAS_G12S	35.56701030927835	0.2
phs001572.v1.p1_P060	M_TP53_R282W	1	8.745245468698274	62.79502071002632		45.0	male	Colon or Rectal Adenocarcinoma	Colon or Rectal Adenocarcinoma	COAD (Colon adenocarcinoma), READ (Rectum adenocarcinoma)	younger	M_TP53_R282W	37.41935483870968	0.135
phs001572.v1.p1_P064	M_PIK3CA_R93W	1	0.6701779147501314	15.809569550339196		54.0	female	Anal Canal Squamous Cell Carcinoma	Anal Canal Squamous Cell Carcinoma	READ (Rectum adenocarcinoma)	middle	M_PIK3CA_R93W	8.090614886731393	0.541
phs001572.v1.p1_P068	M_KRAS_G12V	1	1.5039506886452958	17.36949731306801		58.0	female	Endometrial Carcinoma	Endometrial Carcinoma	UCEC (Uterine Corpus Endometrial Carcinoma)	middle	M_KRAS_G12V	30.53435114503817	0.375
phs001572.v1.p1_P073	M_TP53_R248W	1	0.23529173311994114	3.938979484481852		66.0	male	Colon or Rectal Adenocarcinoma	Colon or Rectal Adenocarcinoma	COAD (Colon adenocarcinoma), READ (Rectum adenocarcinoma)	middle	M_TP53_R248W	16.0	0.261
phs001572.v1.p1_P074	M_NRAS_Q61R	1	2.6262613155048755	33.100002849237214		55.0	female	Thyroid Cancer (Papillary or Follicular Subtype)	Thyroid Cancer (Papillary or Follicular Subtype)	THCA (Thyroid carcinoma)	middle	M_NRAS_Q61R	18.03278688524589	0.218
phs001572.v1.p1_P077	M_CTNNB1_D32G	1	2.171344458366665			53.0	female	Endometrial Carcinoma	Endometrial Carcinoma	UCEC (Uterine Corpus Endometrial Carcinoma)	middle	M_CTNNB1_D32G	7.9946164199192475	0.605
phs001572.v1.p1_P085	M_TP53_C176W	1	2.9004397215496214			71.0	female	Endometrial Carcinoma	Endometrial Carcinoma	UCEC (Uterine Corpus Endometrial Carcinoma)	older	M_TP53_C176W	1.834862385321101	0.932
phs001572.v1.p1_P094	M_TP53_D259Y	1	0.8935866726253217	4.626843873229152		63.0	female	Colon or Rectal Adenocarcinoma	Colon or Rectal Adenocarcinoma	COAD (Colon adenocarcinoma), READ (Rectum adenocarcinoma)	middle	M_TP53_D259Y	3.4682080924855487	0.487
phs001572.v1.p1_P098	M_TP53_R273H	1	5.451805760324142	38.97643804419664		63.0	female	Pancreas Adenocarcinoma	Pancreas Adenocarcinoma	PAAD (Pancreatic adenocarcinoma)	middle	M_TP53_R273H	1.0526315789473684	0.5379999999999999
phs001572.v1.p1_P102	M_CDKN2A_P81L	1	2.612014466875342	38.46367765897251		40.0	female	Esophageal Squamous Cell Carcinoma or Adenocarcinoma (Including GE Junction)	Esophageal Squamous Cell Carcinoma or Adenocarcinoma (Including GE Junction)	ESCA (Esophageal carcinoma)	younger	M_CDKN2A_P81L	0.9803921568627452	0.569
phs001572.v1.p1_P115	M_KRAS_G12C	1	1.4367491969974333	29.209097367886862		67.0	female	Colon or Rectal Adenocarcinoma	Colon or Rectal Adenocarcinoma	COAD (Colon adenocarcinoma), READ (Rectum adenocarcinoma)	middle	M_KRAS_G12C	25.87412587412588	0.281
phs001572.v1.p1_P116	M_PIK3CA_E545K	1	4.6349915735236	29.019438070912162		47.0	female	Anal Canal Squamous Cell Carcinoma	Anal Canal Squamous Cell Carcinoma	READ (Rectum adenocarcinoma)	younger	M_PIK3CA_E545K	7.928388746803068	0.3
phs001572.v1.p1_P122	M_TP53_R213Q	1	1.4231862351426203	23.85853663022189		63.0	male	Head and Neck Cancer	Head and Neck Cancer	HNSC (Head and Neck squamous cell carcinoma)	middle	M_TP53_R213Q	19.76744186046513	0.305
phs001572.v1.p1_P131	M_CSMD3_P258S	1	2.5809977769446757	39.17138959036532		83.0	male	Head and Neck Cancer	Head and Neck Cancer	HNSC (Head and Neck squamous cell carcinoma)	older	M_CSMD3_P258S	60.46065259117083	0.201
phs001572.v1.p1_P132	M_NFE2L2_R34Q	1	2.4605251118006697	13.112037547697632		69.0	male	Head and Neck Cancer	Head and Neck Cancer	HNSC (Head and Neck squamous cell carcinoma)	older	M_NFE2L2_R34Q	17.441860465116278	0.381
phs001572.v1.p1_P133	M_TP53_R249M	1	0.09427528220685302	7.1016294837183525		72.0	male	Head and Neck Cancer	Head and Neck Cancer	HNSC (Head and Neck squamous cell carcinoma)	older	M_TP53_R249M	24.264705882352942	0.161
phs001572.v1.p1_P134	M_NFE2L2_R34Q	1	0.4591934068350342	5.791493019490981		58.0	male	Head and Neck Cancer	Head and Neck Cancer	HNSC (Head and Neck squamous cell carcinoma)	middle	M_NFE2L2_R34Q	12.88659793814433	0.228
phs001572.v1.p1_P138	M_TP53_E286K	1	3.6385560737490734	88.07819939402685		72.0	male	Head and Neck Cancer	Head and Neck Cancer	HNSC (Head and Neck squamous cell carcinoma)	older	M_TP53_E286K	44.444444444444436	0.214
phs001572.v1.p1_P141	M_TP53_R267W	1	0.8141552134869308	12.84277025827996		71.0	male	Head and Neck Cancer	Head and Neck Cancer	HNSC (Head and Neck squamous cell carcinoma)	older	M_TP53_R267W	41.35338345864662	0.09
phs001572.v1.p1_P142	M_TP53_V216L	1	0.02553185642300934	2.9061838636341		74.0	female	Head and Neck Cancer	Head and Neck Cancer	HNSC (Head and Neck squamous cell carcinoma)	older	M_TP53_V216L	38.46153846153846	0.231
phs001572.v1.p1_P143	M_NFE2L2_T80K	1	2.2627153922862875	1.1647792928125722		70.0	male	Head and Neck Cancer	Head and Neck Cancer	HNSC (Head and Neck squamous cell carcinoma)	older	M_NFE2L2_T80K	49.52830188679246	0.223
phs001572.v1.p1_P146	M_TP53_M237I	1	3.9156123556423537	35.61071100203395		63.0	male	Head and Neck Cancer	Head and Neck Cancer	HNSC (Head and Neck squamous cell carcinoma)	middle	M_TP53_M237I	4.201680672268908	0.366
phs001572.v1.p1_P149	M_NFE2L2_G31A	1	0.9365691660129384	9.9697115848365		50.0	male	Head and Neck Cancer	Head and Neck Cancer	HNSC (Head and Neck squamous cell carcinoma)	younger	M_NFE2L2_G31A	3.2227488151658767	0.315
phs001572.v1.p1_P151	M_TP53_R248Q	1	1.1835712306557862	8.832304239927113		57.0	male	Head and Neck Cancer	Head and Neck Cancer	HNSC (Head and Neck squamous cell carcinoma)	middle	M_TP53_R248Q	17.747440273037547	0.152
phs001572.v1.p1_P155	M_TP53_Y163C	1	11.361544691855409	11.627209575663743		49.0	male	Head/Neck Cancer Expansion	Head/Neck Cancer Expansion	HNSC (Head and Neck squamous cell carcinoma)	younger	M_TP53_Y163C	10.852713178294573	0.265
phs001572.v1.p1_P157	M_CTNNB1_S33C	1	12.750152244258793	3.2128203741336283		54.0	male	Head/Neck Cancer Expansion	Head/Neck Cancer Expansion	HNSC (Head and Neck squamous cell carcinoma)	middle	M_CTNNB1_S33C	1.675977653631285	0.486
phs001572.v1.p1_P158	M_EP300_D1399N	1	0.015843900060853202	0.7460232055028788		60.0	female	Head/Neck Cancer Expansion	Head/Neck Cancer Expansion	HNSC (Head and Neck squamous cell carcinoma)	middle	M_EP300_D1399N	16.148325358851675	0.219
phs001572.v1.p1_P162	M_TP53_C176F	1	0.7668907997973266	32.47881960017495		67.0	male	Head/Neck Cancer Expansion	Head/Neck Cancer Expansion	HNSC (Head and Neck squamous cell carcinoma)	middle	M_TP53_C176F	32.780082987551864	0.083
phs001572.v1.p1_P164	II_EGFR_768_CAGCGTGGA	1	0.2925607053260932	4.840915034307561		76.0	male	Head/Neck Cancer Expansion	Head/Neck Cancer Expansion	HNSC (Head and Neck squamous cell carcinoma)	older	II_EGFR_768_CAGCGTGGA	2.2304832713754648	0.481
phs001572.v1.p1_P166	M_TP53_R248W	1	1.329749922449816	5.312255576976042		66.0	female	Head/Neck Cancer Expansion	Head/Neck Cancer Expansion	HNSC (Head and Neck squamous cell carcinoma)	middle	M_TP53_R248W	3.896103896103897	0.226
phs001572.v1.p1_P168	M_CDKN2A_H83Y	1	0.3147821422309375			67.0	male	Head/Neck Cancer Expansion	Head/Neck Cancer Expansion	HNSC (Head and Neck squamous cell carcinoma)	middle	M_CDKN2A_H83Y	0.2518891687657431	0.625
phs001572.v1.p1_P170	M_TP53_A159V	1	3.458909052608369	22.829035708827877		67.0	male	Head/Neck Cancer Expansion	Head/Neck Cancer Expansion	HNSC (Head and Neck squamous cell carcinoma)	middle	M_TP53_A159V	2.8818443804034577	0.18600000000000005
phs001572.v1.p1_P172	M_TP53_G266R	1	1.3729284751257902			52.0	male	Head/Neck Cancer Expansion	Head/Neck Cancer Expansion	HNSC (Head and Neck squamous cell carcinoma)	younger	M_TP53_G266R	88.1081081081081	0.157
phs001572.v1.p1_P174	M_FAM8A1_E94Q	1	14.891873488170454	58.70528432474594		51.0	male	Head/Neck Cancer Expansion	Head/Neck Cancer Expansion	HNSC (Head and Neck squamous cell carcinoma)	younger	M_FAM8A1_E94Q	9.746588693957117	0.44
phs001572.v1.p1_P177	M_NFE2L2_R34Q	1	4.766543635560166	21.50295704251379		47.0	male	Head/Neck Cancer Expansion	Head/Neck Cancer Expansion	HNSC (Head and Neck squamous cell carcinoma)	younger	M_NFE2L2_R34Q	10.094952523738133	0.569
phs001572.v1.p1_P178	M_TP53_P152L	1	0.453871377212276	5.530230640757639		54.0	male	Head/Neck Cancer Expansion	Head/Neck Cancer Expansion	HNSC (Head and Neck squamous cell carcinoma)	middle	M_TP53_P152L	20.454545454545453	0.279
phs001572.v1.p1_P179	M_OR5I1_L294F	1	0.6322187208151581	7.664516129032258		60.0	male	Head/Neck Cancer Expansion	Head/Neck Cancer Expansion	HNSC (Head and Neck squamous cell carcinoma)	middle	M_OR5I1_L294F	17.456896551724142	0.21600000000000005
phs001572.v1.p1_P180	M_PIK3CA_E545K	1	0.25653033081280485	36.00389652559801		72.0	male	Head/Neck Cancer Expansion	Head/Neck Cancer Expansion	HNSC (Head and Neck squamous cell carcinoma)	older	M_PIK3CA_E545K	56.149732620320854	0.174
phs001572.v1.p1_P185	M_PIK3CA_R88Q	1	0.8265563631648186	4.997608520665881		52.0	male	Head/Neck Cancer Expansion	Head/Neck Cancer Expansion	HNSC (Head and Neck squamous cell carcinoma)	younger	M_PIK3CA_R88Q	4.330708661417323	0.394
phs001572.v1.p1_P186	M_TP53_A161D	1	0.1910348923893654			54.0	male	Head/Neck Cancer Expansion	Head/Neck Cancer Expansion	HNSC (Head and Neck squamous cell carcinoma)	middle	M_TP53_A161D	10.077519379844961	0.457
phs001572.v1.p1_P188	M_NRAS_Q61R	1	1.9999672008496336	51.65198388042375		62.0	male	Head/Neck Cancer Expansion	Head/Neck Cancer Expansion	HNSC (Head and Neck squamous cell carcinoma)	middle	M_NRAS_Q61R	33.55704697986577	0.316
phs001572.v1.p1_P190	M_PIK3CA_R93W	1	0.9456693543589668	1.499182224055874		52.0	male	Head/Neck Cancer Expansion	Head/Neck Cancer Expansion	HNSC (Head and Neck squamous cell carcinoma)	younger	M_PIK3CA_R93W	14.5933014354067	0.358
phs001572.v1.p1_P191	M_TP53_R273H	1	1.4118978874148085	36.10703718346957		67.0	male	Head/Neck Cancer Expansion	Head/Neck Cancer Expansion	HNSC (Head and Neck squamous cell carcinoma)	middle	M_TP53_R273H	12.814645308924485	0.47
phs001572.v1.p1_P192	M_TP53_R248Q	1	0.8895813291266017	3.9633407602284967		61.0	female	Head/Neck Cancer Expansion	Head/Neck Cancer Expansion	HNSC (Head and Neck squamous cell carcinoma)	middle	M_TP53_R248Q	10.344827586206897	0.139
phs001572.v1.p1_P194	M_NRAS_Q61L	1	0.08850630157136845	44.397046759639046		56.0	male	Head/Neck Cancer Expansion	Head/Neck Cancer Expansion	HNSC (Head and Neck squamous cell carcinoma)	middle	M_NRAS_Q61L	24.489795918367342	0.107
phs001572.v1.p1_P198	M_TP53_V216M	1	2.0529991768208995	6.5638390427744655		59.0	male	Head/Neck Cancer Expansion	Head/Neck Cancer Expansion	HNSC (Head and Neck squamous cell carcinoma)	middle	M_TP53_V216M	2.3460410557184748	0.456
phs001572.v1.p1_P208	M_TP53_G245D	1	0.3112090668125125			55.0	male	Head/Neck Cancer Expansion	Head/Neck Cancer Expansion	HNSC (Head and Neck squamous cell carcinoma)	middle	M_TP53_G245D	5.245901639344262	0.242
phs001572.v1.p1_P210	M_PIK3CA_H1047Y	1	0.7068214847168084	13.667855725594466		53.0	female	Head/Neck Cancer Expansion	Head/Neck Cancer Expansion	HNSC (Head and Neck squamous cell carcinoma)	middle	M_PIK3CA_H1047Y	53.73831775700936	0.132
phs001572.v1.p1_P211	M_PIK3CA_E545K	1	4.109816855378032	41.221778532039984		64.0	male	Head/Neck Cancer Expansion	Head/Neck Cancer Expansion	HNSC (Head and Neck squamous cell carcinoma)	middle	M_PIK3CA_E545K	6.4338235294117645	0.491
phs001572.v1.p1_P216	M_TP53_H193L	1	1.0599601934867418	4.019689844135314		62.0	male	Head/Neck Cancer Expansion	Head/Neck Cancer Expansion	HNSC (Head and Neck squamous cell carcinoma)	middle	M_TP53_H193L	9.00473933649289	0.509
phs001572.v1.p1_P217	M_TP53_R273C	1	10.275946341059996	40.64289497094092		61.0	female	Head/Neck Cancer Expansion	Head/Neck Cancer Expansion	HNSC (Head and Neck squamous cell carcinoma)	middle	M_TP53_R273C	27.142857142857146	0.055
phs001572.v1.p1_P219	M_ERBB3_R475W	1	1.0268209863274822	24.398583465624622		61.0	male	Head/Neck Cancer Expansion	Head/Neck Cancer Expansion	HNSC (Head and Neck squamous cell carcinoma)	middle	M_ERBB3_R475W	12.67123287671233	0.424
phs001572.v1.p1_P220	M_TP53_R175H	1	2.1121072647846324	50.898467243746786		73.0	male	Head/Neck Cancer Expansion	Head/Neck Cancer Expansion	HNSC (Head and Neck squamous cell carcinoma)	older	M_TP53_R175H	2.459016393442623	0.319
phs001572.v1.p1_P222	M_NFE2L2_R34Q	1	1.0274564958909034	26.94335015854493		67.0	male	Head/Neck Cancer Expansion	Head/Neck Cancer Expansion	HNSC (Head and Neck squamous cell carcinoma)	middle	M_NFE2L2_R34Q	9.937888198757765	0.172
phs001572.v1.p1_P227	M_NRAS_Q61L	1	1.873811557649108	9.20076489715422		54.0	male	Melanoma	Melanoma	SKCM (Skin Cutaneous Melanoma)	middle	M_NRAS_Q61L	47.30647351742872	0.32
phs001572.v1.p1_P228	M_SF3B1_R625C	1	2.860209594901169	0.11775869748914522		68.0	female	Melanoma	Melanoma	SKCM (Skin Cutaneous Melanoma)	older	M_SF3B1_R625C	33.01282051282051	0.031
phs001572.v1.p1_P230	M_NRAS_Q61K	1	1.431619915593384	29.88679245283019		70.0	male	Melanoma	Melanoma	SKCM (Skin Cutaneous Melanoma)	older	M_NRAS_Q61K	49.55357142857143	0.17600000000000002
phs001572.v1.p1_P232	M_NRAS_Q61R	1	2.0644204679753604	25.05300836598665		56.0	male	Melanoma	Melanoma	SKCM (Skin Cutaneous Melanoma)	middle	M_NRAS_Q61R	5.0922509225092245	0.348
phs001572.v1.p1_P234	M_LUM_G248E	1	2.0156882874697932	2.1672921478060045		76.0	female	Melanoma	Melanoma	SKCM (Skin Cutaneous Melanoma)	older	M_LUM_G248E	62.750716332378225	0.209
phs001572.v1.p1_P235	M_CTNNB1_S45P	1	0.17262060489039066	29.63260360806768		74.0	male	Melanoma	Melanoma	SKCM (Skin Cutaneous Melanoma)	older	M_CTNNB1_S45P	78.91432791728212	0.122
phs001572.v1.p1_P238	M_CSMD3_G1941E	1	5.529578579970933	47.89067142008319		56.0	male	Melanoma	Melanoma	SKCM (Skin Cutaneous Melanoma)	middle	M_CSMD3_G1941E	70.75831969448991	0.14800000000000002
phs001572.v1.p1_P240	M_SF3B1_G740E	1	0.3748164146137347	9.223651917227288		42.0	male	Melanoma	Melanoma	SKCM (Skin Cutaneous Melanoma)	younger	M_SF3B1_G740E	9.30232558139535	0.597
phs001572.v1.p1_P241	M_NRAS_G12C	1	4.178928204034864	21.478732514987154		63.0	male	Melanoma	Melanoma	SKCM (Skin Cutaneous Melanoma)	middle	M_NRAS_G12C	70.06802721088435	0.179
phs001572.v1.p1_P242	M_TP53_V218G	1	0.7092440567683713	27.28620579365116		30.0	male	Melanoma	Melanoma	SKCM (Skin Cutaneous Melanoma)	younger	M_TP53_V218G	5.776892430278884	0.49
phs001572.v1.p1_P243	M_NRAS_Q61K	1	1.5906697058412005	41.93687751579419		67.0	female	Melanoma	Melanoma	SKCM (Skin Cutaneous Melanoma)	middle	M_NRAS_Q61K	0.6310679611650486	0.466
phs001572.v1.p1_P244	M_MYH2_P228L	1	2.0841938480994666			64.0	male	Melanoma	Melanoma	SKCM (Skin Cutaneous Melanoma)	middle	M_MYH2_P228L	9.053497942386832	0.511
phs001572.v1.p1_P245	M_PPP6C_R264C	1	13.983430275410473			88.0	female	Melanoma	Melanoma	SKCM (Skin Cutaneous Melanoma)	older	M_PPP6C_R264C	59.38566552901024	0.269
phs001572.v1.p1_P246	M_NRAS_G13D	1	3.7272250269516403			63.0	female	Melanoma	Melanoma	SKCM (Skin Cutaneous Melanoma)	middle	M_NRAS_G13D	0.0	0.8809999999999999
phs001572.v1.p1_P247	M_NRAS_Q61L	1	0.17038390178625132	9.797333378328462		66.0	male	Melanoma	Melanoma	SKCM (Skin Cutaneous Melanoma)	middle	M_NRAS_Q61L	25.47826086956522	0.33
phs001572.v1.p1_P250	M_NRAS_Q61K	1	2.52545057411581	36.26025666667511		53.0	male	Melanoma	Melanoma	SKCM (Skin Cutaneous Melanoma)	middle	M_NRAS_Q61K	5.369127516778524	0.402
phs001572.v1.p1_P253	M_NRAS_Q61K	1	3.416205588502561	41.29022453554196		66.0	male	Melanoma	Melanoma	SKCM (Skin Cutaneous Melanoma)	middle	M_NRAS_Q61K	3.4671532846715327	0.434
phs001572.v1.p1_P254	M_CSMD3_E171K	1	2.760318954172002	14.863688355689009		43.0	male	Melanoma	Melanoma	SKCM (Skin Cutaneous Melanoma)	younger	M_CSMD3_E171K	33.34597875569044	0.163
phs001572.v1.p1_P255	M_PPP6C_R264C	1	9.9524015003495	12.75752463084836		60.0	male	Melanoma	Melanoma	SKCM (Skin Cutaneous Melanoma)	middle	M_PPP6C_R264C	6.71875	0.522
phs001572.v1.p1_P257	M_NRAS_Q61R	1	0.28379572833239003	30.85497881809234		53.0	female	Melanoma	Melanoma	SKCM (Skin Cutaneous Melanoma)	middle	M_NRAS_Q61R	13.580246913580249	0.446
phs001572.v1.p1_P259	M_NRAS_Q61K	1	2.1810531236356057	40.691957860802496		57.0	female	Melanoma	Melanoma	SKCM (Skin Cutaneous Melanoma)	middle	M_NRAS_Q61K	0.8488964346349746	0.5670000000000001
phs001572.v1.p1_P260	M_NRAS_G12D	1	4.692768792016098	27.56152125279642		76.0	female	Melanoma	Melanoma	SKCM (Skin Cutaneous Melanoma)	older	M_NRAS_G12D	0.6329113924050633	0.534
phs001572.v1.p1_P261	M_NRAS_Q61K	1	0.32479047074165524	52.19036891016615		76.0	male	Melanoma	Melanoma	SKCM (Skin Cutaneous Melanoma)	older	M_NRAS_Q61K	8.354430379746836	0.54
phs001572.v1.p1_P263	M_NRAS_Q61K	1	4.444584870996711	41.359819782920326		43.0	male	Melanoma	Melanoma	SKCM (Skin Cutaneous Melanoma)	younger	M_NRAS_Q61K	10.139165009940358	0.316
phs001572.v1.p1_P264	M_MAP2K1_P124S	1	0.262842528541442	7.763330766094326		66.0	male	Melanoma	Melanoma	SKCM (Skin Cutaneous Melanoma)	middle	M_MAP2K1_P124S	80.60109289617486	0.141
phs001572.v1.p1_P266	M_NRAS_Q61K	1	1.5067066257733444	29.67777284449777		39.0	male	Melanoma	Melanoma	SKCM (Skin Cutaneous Melanoma)	younger	M_NRAS_Q61K	0.6514657980456026	0.69
phs001572.v1.p1_P268	M_CTNNB1_S45F	1	0.05393348867939597	40.778301886792455		65.0	male	Melanoma	Melanoma	SKCM (Skin Cutaneous Melanoma)	middle	M_CTNNB1_S45F	87.52834467120182	0.166
phs001572.v1.p1_P270	M_OR5I1_S95F	1	0.1190691366859488	1.9213196943355035		66.0	male	Melanoma	Melanoma	SKCM (Skin Cutaneous Melanoma)	middle	M_OR5I1_S95F	33.244680851063826	0.287
phs001572.v1.p1_P271	M_NRAS_Q61R	1	3.3005143339096517	35.880914713073494		64.0	male	Melanoma	Melanoma	SKCM (Skin Cutaneous Melanoma)	middle	M_NRAS_Q61R	10.398613518197573	0.304
phs001572.v1.p1_P272	M_NRAS_G13R	1	1.4622371034894843	7.155503591114079		59.0	female	Melanoma	Melanoma	SKCM (Skin Cutaneous Melanoma)	middle	M_NRAS_G13R	19.846153846153847	0.378
phs001572.v1.p1_P273	M_NRAS_Q61H	1	0.09337579483196796	52.43813964627077		65.0	male	Melanoma	Melanoma	SKCM (Skin Cutaneous Melanoma)	middle	M_NRAS_Q61H	2.3370233702337018	0.246
phs001572.v1.p1_P275	M_SF3B1_R625H	1	0.8016948786509038	8.197239777131843		43.0	male	Melanoma	Melanoma	SKCM (Skin Cutaneous Melanoma)	younger	M_SF3B1_R625H	14.92537313432836	0.386
phs001572.v1.p1_P277	M_CSMD3_R100Q	1	0.34346263033981217	4.242029256627316		68.0	female	Melanoma	Melanoma	SKCM (Skin Cutaneous Melanoma)	older	M_CSMD3_R100Q	47.94816414686825	0.154
phs001572.v1.p1_P278	M_KRAS_G12V	1	4.058904149791811	8.181081520440076		57.0	female	Melanoma	Melanoma	SKCM (Skin Cutaneous Melanoma)	middle	M_KRAS_G12V	2.4390243902439024	0.6729999999999999
phs001572.v1.p1_P279	M_NRAS_Q61K	1	3.641842733739297			70.0	male	Melanoma	Melanoma	SKCM (Skin Cutaneous Melanoma)	older	M_NRAS_Q61K	30.797697368421048	0.262
phs001572.v1.p1_P282	M_MAP2K1_P124S	1	1.6890663698447936			33.0	male	Melanoma	Melanoma	SKCM (Skin Cutaneous Melanoma)	younger	M_MAP2K1_P124S	59.75715524718128	0.248
phs001572.v1.p1_P285	M_CDKN2A_P81L	1	0.4537192783180427	39.73065542067615		71.0	male	Melanoma	Melanoma	SKCM (Skin Cutaneous Melanoma)	older	M_CDKN2A_P81L	21.52046783625731	0.042
phs001572.v1.p1_P286	M_NRAS_Q61R	1	0.3014303378293561	42.92817946283453		71.0	male	Melanoma	Melanoma	SKCM (Skin Cutaneous Melanoma)	older	M_NRAS_Q61R	0.5128205128205128	0.81
phs001572.v1.p1_P287	M_GATA3_M442I	1	2.033122160649273	24.852872360923772		74.0	male	Melanoma	Melanoma	SKCM (Skin Cutaneous Melanoma)	older	M_GATA3_M442I	3.4883720930232562	0.598
phs001572.v1.p1_P288	M_PPP6C_R264C	1	11.525563000120213	8.675992023780402		54.0	male	Melanoma	Melanoma	SKCM (Skin Cutaneous Melanoma)	middle	M_PPP6C_R264C	44.862518089725036	0.364
phs001572.v1.p1_P289	M_NRAS_Q61K	1	4.525792860830545	28.939997685223457		58.0	female	Melanoma	Melanoma	SKCM (Skin Cutaneous Melanoma)	middle	M_NRAS_Q61K	2.955665024630542	0.3720000000000001
phs001572.v1.p1_P290	M_TP53_G245S	1	0.3429305393747313	12.083922993673124		60.0	male	Melanoma	Melanoma	SKCM (Skin Cutaneous Melanoma)	middle	M_TP53_G245S	8.450704225352112	0.522
phs001572.v1.p1_P292	M_PPP6C_R264C	1	12.834531336878445	9.149539880003918		76.0	male	Melanoma	Melanoma	SKCM (Skin Cutaneous Melanoma)	older	M_PPP6C_R264C	6.1349693251533735	0.333
phs001572.v1.p1_P293	M_TP53_G245C	1	10.176839340629996			44.0	male	Melanoma	Melanoma	SKCM (Skin Cutaneous Melanoma)	younger	M_TP53_G245C	15.295576684580405	0.302
phs001572.v1.p1_P294	M_TP53_T155P	1	0.17618608456974116			73.0	male	Melanoma	Melanoma	SKCM (Skin Cutaneous Melanoma)	older	M_TP53_T155P	8.959835221421217	0.57
phs001572.v1.p1_P295	M_CSMD3_G165R	1	0.4583977708280423	2.901807523204689		59.0	female	Melanoma	Melanoma	SKCM (Skin Cutaneous Melanoma)	middle	M_CSMD3_G165R	22.59414225941423	0.191
phs001572.v1.p1_P296	M_MYH2_E1421K	1	0.6924984471971755	46.52296101411146		55.0	female	Melanoma	Melanoma	SKCM (Skin Cutaneous Melanoma)	middle	M_MYH2_E1421K	31.292517006802722	0.083
phs001572.v1.p1_P297	M_NRAS_Q61R	1	1.801228350063091			69.0	male	Melanoma	Melanoma	SKCM (Skin Cutaneous Melanoma)	older	M_NRAS_Q61R	38.07189542483661	0.38
phs001572.v1.p1_P298	M_LZTR1_F243L	1	0.8959321885517786	13.300117019631898		81.0	male	Melanoma	Melanoma	SKCM (Skin Cutaneous Melanoma)	older	M_LZTR1_F243L	64.4915715062534	0.121
phs001572.v1.p1_P299	M_NRAS_Q61H	1	0.1860745319686445	39.69931920654078		69.0	female	Melanoma	Melanoma	SKCM (Skin Cutaneous Melanoma)	older	M_NRAS_Q61H	1.1308562197092085	0.205
phs001572.v1.p1_P300	M_SF3B1_R625H	1	1.2832586927017218	0.3141427172045371		57.0	male	Melanoma	Melanoma	SKCM (Skin Cutaneous Melanoma)	middle	M_SF3B1_R625H	49.62962962962962	0.127
phs001572.v1.p1_P301	M_MYH2_E1421K	1	4.2390430722753685	33.53641480392777		73.0	female	Melanoma	Melanoma	SKCM (Skin Cutaneous Melanoma)	older	M_MYH2_E1421K	0.8042895442359249	0.889
phs001572.v1.p1_P304	M_MAP2K1_E203K	1	0.5514190044478418			56.0	male	Melanoma	Melanoma	SKCM (Skin Cutaneous Melanoma)	middle	M_MAP2K1_E203K	22.253129346314324	0.218
phs001572.v1.p1_P305	M_NRAS_Q61R	1	2.2780093574675697	52.962851761880074		60.0	male	Melanoma	Melanoma	SKCM (Skin Cutaneous Melanoma)	middle	M_NRAS_Q61R	6.913996627318719	0.208
phs001572.v1.p1_P308	M_ARID2_S297F	1	0.3318682867695847	5.830419350598134		55.0	male	Melanoma	Melanoma	SKCM (Skin Cutaneous Melanoma)	middle	M_ARID2_S297F	17.23338485316847	0.135
phs001572.v1.p1_P313	M_NRAS_Q61R	1	0.3153997857357742			51.0	male	Melanoma	Melanoma	SKCM (Skin Cutaneous Melanoma)	younger	M_NRAS_Q61R	31.34171907756813	0.192
phs001572.v1.p1_P315	M_NRAS_Q61R	1	1.318148587328711	38.83069342143921		46.0	male	Melanoma	Melanoma	SKCM (Skin Cutaneous Melanoma)	younger	M_NRAS_Q61R	7.756603142761617	0.282
